"name","year","quarter","month","deaths","average","yearly_death_rank"
"Bangladesh",2005,1,"February",149.0,35.8920863309352518,3
"Bangladesh",2005,1,"January",22.0,35.8920863309352518,8
"Bangladesh",2005,1,"March",103.0,35.8920863309352518,4
"Bangladesh",2005,2,"April",207.0,35.8920863309352518,2
"Bangladesh",2005,2,"June",35.0,35.8920863309352518,6
"Bangladesh",2005,2,"May",221.0,35.8920863309352518,1
"Bangladesh",2005,3,"August",102.0,35.8920863309352518,5
"Bangladesh",2005,3,"July",23.0,35.8920863309352518,7
"Bangladesh",2005,3,"September",16.0,35.8920863309352518,10
"Bangladesh",2005,4,"December",0,35.8920863309352518,11
"Bangladesh",2005,4,"November",0,35.8920863309352518,11
"Bangladesh",2005,4,"October",19.0,35.8920863309352518,9
"Bangladesh",2006,1,"February",85.0,71.6982248520710059,2
"Bangladesh",2006,1,"January",18.0,71.6982248520710059,5
"Bangladesh",2006,1,"March",4.0,71.6982248520710059,6
"Bangladesh",2006,2,"April",70.0,71.6982248520710059,3
"Bangladesh",2006,2,"June",0,71.6982248520710059,7
"Bangladesh",2006,2,"May",0,71.6982248520710059,7
"Bangladesh",2006,3,"August",0,71.6982248520710059,7
"Bangladesh",2006,3,"July",32.0,71.6982248520710059,4
"Bangladesh",2006,3,"September",0,71.6982248520710059,7
"Bangladesh",2006,4,"December",0,71.6982248520710059,7
"Bangladesh",2006,4,"November",0,71.6982248520710059,7
"Bangladesh",2006,4,"October",175.0,71.6982248520710059,1
"Bangladesh",2007,1,"February",0,51.6624203821656051,7
"Bangladesh",2007,1,"January",41.0,51.6624203821656051,5
"Bangladesh",2007,1,"March",0,51.6624203821656051,7
"Bangladesh",2007,2,"April",0,51.6624203821656051,7
"Bangladesh",2007,2,"June",120.0,51.6624203821656051,3
"Bangladesh",2007,2,"May",41.0,51.6624203821656051,5
"Bangladesh",2007,3,"August",1110.0,51.6624203821656051,2
"Bangladesh",2007,3,"July",0,51.6624203821656051,7
"Bangladesh",2007,3,"September",0,51.6624203821656051,7
"Bangladesh",2007,4,"December",0,51.6624203821656051,7
"Bangladesh",2007,4,"November",4258.0,51.6624203821656051,1
"Bangladesh",2007,4,"October",86.0,51.6624203821656051,4
"Bangladesh",2008,1,"February",53.0,18.7142857142857143,1
"Bangladesh",2008,1,"January",0,18.7142857142857143,7
"Bangladesh",2008,1,"March",12.0,18.7142857142857143,5
"Bangladesh",2008,2,"April",0,18.7142857142857143,7
"Bangladesh",2008,2,"June",0,18.7142857142857143,7
"Bangladesh",2008,2,"May",0,18.7142857142857143,7
"Bangladesh",2008,3,"August",13.0,18.7142857142857143,4
"Bangladesh",2008,3,"July",16.0,18.7142857142857143,2
"Bangladesh",2008,3,"September",12.0,18.7142857142857143,5
"Bangladesh",2008,4,"December",0,18.7142857142857143,7
"Bangladesh",2008,4,"November",0,18.7142857142857143,7
"Bangladesh",2008,4,"October",15.0,18.7142857142857143,3
"Bangladesh",2009,1,"February",37.0,29.4421768707482993,4
"Bangladesh",2009,1,"January",0,29.4421768707482993,8
"Bangladesh",2009,1,"March",0,29.4421768707482993,8
"Bangladesh",2009,2,"April",7.0,29.4421768707482993,7
"Bangladesh",2009,2,"June",0,29.4421768707482993,8
"Bangladesh",2009,2,"May",190.0,29.4421768707482993,1
"Bangladesh",2009,3,"August",0,29.4421768707482993,8
"Bangladesh",2009,3,"July",16.0,29.4421768707482993,5
"Bangladesh",2009,3,"September",0,29.4421768707482993,8
"Bangladesh",2009,4,"December",53.0,29.4421768707482993,3
"Bangladesh",2009,4,"November",91.0,29.4421768707482993,2
"Bangladesh",2009,4,"October",14.0,29.4421768707482993,6
"Bangladesh",2010,1,"February",21.0,24.7770270270270270,3
"Bangladesh",2010,1,"January",17.0,24.7770270270270270,4
"Bangladesh",2010,1,"March",0,24.7770270270270270,8
"Bangladesh",2010,2,"April",11.0,24.7770270270270270,7
"Bangladesh",2010,2,"June",229.0,24.7770270270270270,1
"Bangladesh",2010,2,"May",15.0,24.7770270270270270,5
"Bangladesh",2010,3,"August",0,24.7770270270270270,8
"Bangladesh",2010,3,"July",0,24.7770270270270270,8
"Bangladesh",2010,3,"September",0,24.7770270270270270,8
"Bangladesh",2010,4,"December",62.0,24.7770270270270270,2
"Bangladesh",2010,4,"November",0,24.7770270270270270,8
"Bangladesh",2010,4,"October",15.0,24.7770270270270270,5
"Bangladesh",2011,1,"February",50.0,26.3855421686746988,2
"Bangladesh",2011,1,"January",0,26.3855421686746988,5
"Bangladesh",2011,1,"March",0,26.3855421686746988,5
"Bangladesh",2011,2,"April",45.0,26.3855421686746988,3
"Bangladesh",2011,2,"June",0,26.3855421686746988,5
"Bangladesh",2011,2,"May",0,26.3855421686746988,5
"Bangladesh",2011,3,"August",0,26.3855421686746988,5
"Bangladesh",2011,3,"July",58.0,26.3855421686746988,1
"Bangladesh",2011,3,"September",0,26.3855421686746988,5
"Bangladesh",2011,4,"December",12.0,26.3855421686746988,4
"Bangladesh",2011,4,"November",0,26.3855421686746988,5
"Bangladesh",2011,4,"October",0,26.3855421686746988,5
"Bangladesh",2012,1,"February",0,28.9517241379310345,6
"Bangladesh",2012,1,"January",0,28.9517241379310345,6
"Bangladesh",2012,1,"March",123.0,28.9517241379310345,4
"Bangladesh",2012,2,"April",25.0,28.9517241379310345,5
"Bangladesh",2012,2,"June",0,28.9517241379310345,6
"Bangladesh",2012,2,"May",0,28.9517241379310345,6
"Bangladesh",2012,3,"August",0,28.9517241379310345,6
"Bangladesh",2012,3,"July",139.0,28.9517241379310345,3
"Bangladesh",2012,3,"September",0,28.9517241379310345,6
"Bangladesh",2012,4,"December",0,28.9517241379310345,6
"Bangladesh",2012,4,"November",184.0,28.9517241379310345,2
"Bangladesh",2012,4,"October",208.0,28.9517241379310345,1
"Bangladesh",2013,1,"February",14.0,59.1800000000000000,3
"Bangladesh",2013,1,"January",0,59.1800000000000000,4
"Bangladesh",2013,1,"March",33.0,59.1800000000000000,1
"Bangladesh",2013,2,"April",0,59.1800000000000000,4
"Bangladesh",2013,2,"June",0,59.1800000000000000,4
"Bangladesh",2013,2,"May",17.0,59.1800000000000000,2
"Bangladesh",2013,3,"August",0,59.1800000000000000,4
"Bangladesh",2013,3,"July",0,59.1800000000000000,4
"Bangladesh",2013,3,"September",0,59.1800000000000000,4
"Bangladesh",2013,4,"December",0,59.1800000000000000,4
"Bangladesh",2013,4,"November",0,59.1800000000000000,4
"Bangladesh",2013,4,"October",0,59.1800000000000000,4
"Bangladesh",2014,1,"February",41.0,12.0579710144927536,4
"Bangladesh",2014,1,"January",0,12.0579710144927536,7
"Bangladesh",2014,1,"March",0,12.0579710144927536,7
"Bangladesh",2014,2,"April",16.0,12.0579710144927536,5
"Bangladesh",2014,2,"June",4.0,12.0579710144927536,6
"Bangladesh",2014,2,"May",70.0,12.0579710144927536,2
"Bangladesh",2014,3,"August",130.0,12.0579710144927536,1
"Bangladesh",2014,3,"July",0,12.0579710144927536,7
"Bangladesh",2014,3,"September",59.0,12.0579710144927536,3
"Bangladesh",2014,4,"December",0,12.0579710144927536,7
"Bangladesh",2014,4,"November",0,12.0579710144927536,7
"Bangladesh",2014,4,"October",0,12.0579710144927536,7
"Bangladesh",2015,1,"February",78.0,9.9607843137254902,2
"Bangladesh",2015,1,"January",26.0,9.9607843137254902,4
"Bangladesh",2015,1,"March",10.0,9.9607843137254902,7
"Bangladesh",2015,2,"April",57.0,9.9607843137254902,3
"Bangladesh",2015,2,"June",20.0,9.9607843137254902,5
"Bangladesh",2015,2,"May",19.0,9.9607843137254902,6
"Bangladesh",2015,3,"August",0,9.9607843137254902,8
"Bangladesh",2015,3,"July",90.0,9.9607843137254902,1
"Bangladesh",2015,3,"September",0,9.9607843137254902,8
"Bangladesh",2015,4,"December",0,9.9607843137254902,8
"Bangladesh",2015,4,"November",0,9.9607843137254902,8
"Bangladesh",2015,4,"October",0,9.9607843137254902,8
"Bangladesh",2016,1,"February",0,8.8750000000000000,5
"Bangladesh",2016,1,"January",5.0,8.8750000000000000,4
"Bangladesh",2016,1,"March",0,8.8750000000000000,5
"Bangladesh",2016,2,"April",0,8.8750000000000000,5
"Bangladesh",2016,2,"June",0,8.8750000000000000,5
"Bangladesh",2016,2,"May",87.0,8.8750000000000000,2
"Bangladesh",2016,3,"August",123.0,8.8750000000000000,1
"Bangladesh",2016,3,"July",0,8.8750000000000000,5
"Bangladesh",2016,3,"September",56.0,8.8750000000000000,3
"Bangladesh",2016,4,"December",0,8.8750000000000000,5
"Bangladesh",2016,4,"November",0,8.8750000000000000,5
"Bangladesh",2016,4,"October",0,8.8750000000000000,5
"Bangladesh",2017,1,"February",0,13.6802721088435374,8
"Bangladesh",2017,1,"January",0,13.6802721088435374,8
"Bangladesh",2017,1,"March",0,13.6802721088435374,8
"Bangladesh",2017,2,"April",0,13.6802721088435374,8
"Bangladesh",2017,2,"June",160.0,13.6802721088435374,1
"Bangladesh",2017,2,"May",19.0,13.6802721088435374,6
"Bangladesh",2017,3,"August",144.0,13.6802721088435374,2
"Bangladesh",2017,3,"July",13.0,13.6802721088435374,7
"Bangladesh",2017,3,"September",63.0,13.6802721088435374,4
"Bangladesh",2017,4,"December",25.0,13.6802721088435374,5
"Bangladesh",2017,4,"November",0,13.6802721088435374,8
"Bangladesh",2017,4,"October",70.0,13.6802721088435374,3
"Bangladesh",2018,1,"February",0,50.5735294117647059,5
"Bangladesh",2018,1,"January",34.0,50.5735294117647059,1
"Bangladesh",2018,1,"March",0,50.5735294117647059,5
"Bangladesh",2018,2,"April",33.0,50.5735294117647059,2
"Bangladesh",2018,2,"June",14.0,50.5735294117647059,4
"Bangladesh",2018,2,"May",21.0,50.5735294117647059,3
"Bangladesh",2018,3,"August",0,50.5735294117647059,5
"Bangladesh",2018,3,"July",0,50.5735294117647059,5
"Bangladesh",2018,3,"September",0,50.5735294117647059,5
"Bangladesh",2018,4,"December",0,50.5735294117647059,5
"Bangladesh",2018,4,"November",0,50.5735294117647059,5
"Bangladesh",2018,4,"October",0,50.5735294117647059,5
"Bangladesh",2019,1,"February",87.0,15.1842105263157895,1
"Bangladesh",2019,1,"January",0,15.1842105263157895,8
"Bangladesh",2019,1,"March",40.0,15.1842105263157895,3
"Bangladesh",2019,2,"April",0,15.1842105263157895,8
"Bangladesh",2019,2,"June",4.0,15.1842105263157895,6
"Bangladesh",2019,2,"May",39.0,15.1842105263157895,4
"Bangladesh",2019,3,"August",0,15.1842105263157895,8
"Bangladesh",2019,3,"July",2.0,15.1842105263157895,7
"Bangladesh",2019,3,"September",0,15.1842105263157895,8
"Bangladesh",2019,4,"December",10.0,15.1842105263157895,5
"Bangladesh",2019,4,"November",56.0,15.1842105263157895,2
"Bangladesh",2019,4,"October",0,15.1842105263157895,8
"Bangladesh",2020,1,"February",15.0,8.2919708029197080,4
"Bangladesh",2020,1,"January",0,8.2919708029197080,5
"Bangladesh",2020,1,"March",0,8.2919708029197080,5
"Bangladesh",2020,2,"April",0,8.2919708029197080,5
"Bangladesh",2020,2,"June",50.0,8.2919708029197080,2
"Bangladesh",2020,2,"May",26.0,8.2919708029197080,3
"Bangladesh",2020,3,"August",0,8.2919708029197080,5
"Bangladesh",2020,3,"July",0,8.2919708029197080,5
"Bangladesh",2020,3,"September",281.0,8.2919708029197080,1
"Bangladesh",2020,4,"December",0,8.2919708029197080,5
"Bangladesh",2020,4,"November",0,8.2919708029197080,5
"Bangladesh",2020,4,"October",0,8.2919708029197080,5
"Canada",2005,1,"February",0,35.8920863309352518,2
"Canada",2005,1,"January",0,35.8920863309352518,2
"Canada",2005,1,"March",0,35.8920863309352518,2
"Canada",2005,2,"April",0,35.8920863309352518,2
"Canada",2005,2,"June",0,35.8920863309352518,2
"Canada",2005,2,"May",0,35.8920863309352518,2
"Canada",2005,3,"August",0,35.8920863309352518,2
"Canada",2005,3,"July",4.0,35.8920863309352518,1
"Canada",2005,3,"September",0,35.8920863309352518,2
"Canada",2005,4,"December",0,35.8920863309352518,2
"Canada",2005,4,"November",0,35.8920863309352518,2
"Canada",2005,4,"October",0,35.8920863309352518,2
"Canada",2006,1,"February",0,71.6982248520710059,2
"Canada",2006,1,"January",0,71.6982248520710059,2
"Canada",2006,1,"March",0,71.6982248520710059,2
"Canada",2006,2,"April",0,71.6982248520710059,2
"Canada",2006,2,"June",0,71.6982248520710059,2
"Canada",2006,2,"May",1.0,71.6982248520710059,1
"Canada",2006,3,"August",0,71.6982248520710059,2
"Canada",2006,3,"July",0,71.6982248520710059,2
"Canada",2006,3,"September",0,71.6982248520710059,2
"Canada",2006,4,"December",0,71.6982248520710059,2
"Canada",2006,4,"November",0,71.6982248520710059,2
"Canada",2006,4,"October",0,71.6982248520710059,2
"Canada",2007,1,"February",2.0,51.6624203821656051,2
"Canada",2007,1,"January",0,51.6624203821656051,3
"Canada",2007,1,"March",0,51.6624203821656051,3
"Canada",2007,2,"April",0,51.6624203821656051,3
"Canada",2007,2,"June",0,51.6624203821656051,3
"Canada",2007,2,"May",0,51.6624203821656051,3
"Canada",2007,3,"August",0,51.6624203821656051,3
"Canada",2007,3,"July",0,51.6624203821656051,3
"Canada",2007,3,"September",0,51.6624203821656051,3
"Canada",2007,4,"December",4.0,51.6624203821656051,1
"Canada",2007,4,"November",0,51.6624203821656051,3
"Canada",2007,4,"October",0,51.6624203821656051,3
"Canada",2008,1,"February",0,18.7142857142857143,2
"Canada",2008,1,"January",0,18.7142857142857143,2
"Canada",2008,1,"March",0,18.7142857142857143,2
"Canada",2008,2,"April",0,18.7142857142857143,2
"Canada",2008,2,"June",0,18.7142857142857143,2
"Canada",2008,2,"May",0,18.7142857142857143,2
"Canada",2008,3,"August",2.0,18.7142857142857143,1
"Canada",2008,3,"July",0,18.7142857142857143,2
"Canada",2008,3,"September",0,18.7142857142857143,2
"Canada",2008,4,"December",0,18.7142857142857143,2
"Canada",2008,4,"November",0,18.7142857142857143,2
"Canada",2008,4,"October",0,18.7142857142857143,2
"Canada",2009,1,"February",0,29.4421768707482993,3
"Canada",2009,1,"January",0,29.4421768707482993,3
"Canada",2009,1,"March",16.0,29.4421768707482993,1
"Canada",2009,2,"April",0,29.4421768707482993,3
"Canada",2009,2,"June",0,29.4421768707482993,3
"Canada",2009,2,"May",0,29.4421768707482993,3
"Canada",2009,3,"August",2.0,29.4421768707482993,2
"Canada",2009,3,"July",0,29.4421768707482993,3
"Canada",2009,3,"September",0,29.4421768707482993,3
"Canada",2009,4,"December",0,29.4421768707482993,3
"Canada",2009,4,"November",0,29.4421768707482993,3
"Canada",2009,4,"October",0,29.4421768707482993,3
"Canada",2010,1,"February",0,24.7770270270270270,1
"Canada",2010,1,"January",0,24.7770270270270270,1
"Canada",2010,1,"March",0,24.7770270270270270,1
"Canada",2010,2,"April",0,24.7770270270270270,1
"Canada",2010,2,"June",0,24.7770270270270270,1
"Canada",2010,2,"May",0,24.7770270270270270,1
"Canada",2010,3,"August",0,24.7770270270270270,1
"Canada",2010,3,"July",0,24.7770270270270270,1
"Canada",2010,3,"September",0,24.7770270270270270,1
"Canada",2010,4,"December",0,24.7770270270270270,1
"Canada",2010,4,"November",0,24.7770270270270270,1
"Canada",2010,4,"October",0,24.7770270270270270,1
"Canada",2011,1,"February",0,26.3855421686746988,3
"Canada",2011,1,"January",0,26.3855421686746988,3
"Canada",2011,1,"March",0,26.3855421686746988,3
"Canada",2011,2,"April",0,26.3855421686746988,3
"Canada",2011,2,"June",0,26.3855421686746988,3
"Canada",2011,2,"May",6.0,26.3855421686746988,2
"Canada",2011,3,"August",14.0,26.3855421686746988,1
"Canada",2011,3,"July",0,26.3855421686746988,3
"Canada",2011,3,"September",0,26.3855421686746988,3
"Canada",2011,4,"December",0,26.3855421686746988,3
"Canada",2011,4,"November",0,26.3855421686746988,3
"Canada",2011,4,"October",0,26.3855421686746988,3
"Canada",2012,1,"February",11.0,28.9517241379310345,1
"Canada",2012,1,"January",0,28.9517241379310345,2
"Canada",2012,1,"March",0,28.9517241379310345,2
"Canada",2012,2,"April",0,28.9517241379310345,2
"Canada",2012,2,"June",0,28.9517241379310345,2
"Canada",2012,2,"May",0,28.9517241379310345,2
"Canada",2012,3,"August",0,28.9517241379310345,2
"Canada",2012,3,"July",0,28.9517241379310345,2
"Canada",2012,3,"September",0,28.9517241379310345,2
"Canada",2012,4,"December",0,28.9517241379310345,2
"Canada",2012,4,"November",0,28.9517241379310345,2
"Canada",2012,4,"October",0,28.9517241379310345,2
"Canada",2013,1,"February",0,59.1800000000000000,4
"Canada",2013,1,"January",0,59.1800000000000000,4
"Canada",2013,1,"March",0,59.1800000000000000,4
"Canada",2013,2,"April",0,59.1800000000000000,4
"Canada",2013,2,"June",4.0,59.1800000000000000,3
"Canada",2013,2,"May",0,59.1800000000000000,4
"Canada",2013,3,"August",0,59.1800000000000000,4
"Canada",2013,3,"July",47.0,59.1800000000000000,1
"Canada",2013,3,"September",0,59.1800000000000000,4
"Canada",2013,4,"December",10.0,59.1800000000000000,2
"Canada",2013,4,"November",0,59.1800000000000000,4
"Canada",2013,4,"October",0,59.1800000000000000,4
"Canada",2014,1,"February",0,12.0579710144927536,2
"Canada",2014,1,"January",32.0,12.0579710144927536,1
"Canada",2014,1,"March",0,12.0579710144927536,2
"Canada",2014,2,"April",0,12.0579710144927536,2
"Canada",2014,2,"June",0,12.0579710144927536,2
"Canada",2014,2,"May",0,12.0579710144927536,2
"Canada",2014,3,"August",0,12.0579710144927536,2
"Canada",2014,3,"July",0,12.0579710144927536,2
"Canada",2014,3,"September",0,12.0579710144927536,2
"Canada",2014,4,"December",0,12.0579710144927536,2
"Canada",2014,4,"November",0,12.0579710144927536,2
"Canada",2014,4,"October",0,12.0579710144927536,2
"Canada",2015,1,"February",0,9.9607843137254902,1
"Canada",2015,1,"January",0,9.9607843137254902,1
"Canada",2015,1,"March",0,9.9607843137254902,1
"Canada",2015,2,"April",0,9.9607843137254902,1
"Canada",2015,2,"June",0,9.9607843137254902,1
"Canada",2015,2,"May",0,9.9607843137254902,1
"Canada",2015,3,"August",0,9.9607843137254902,1
"Canada",2015,3,"July",0,9.9607843137254902,1
"Canada",2015,3,"September",0,9.9607843137254902,1
"Canada",2015,4,"December",0,9.9607843137254902,1
"Canada",2015,4,"November",0,9.9607843137254902,1
"Canada",2015,4,"October",0,9.9607843137254902,1
"Canada",2016,1,"February",0,8.8750000000000000,1
"Canada",2016,1,"January",0,8.8750000000000000,1
"Canada",2016,1,"March",0,8.8750000000000000,1
"Canada",2016,2,"April",0,8.8750000000000000,1
"Canada",2016,2,"June",0,8.8750000000000000,1
"Canada",2016,2,"May",0,8.8750000000000000,1
"Canada",2016,3,"August",0,8.8750000000000000,1
"Canada",2016,3,"July",0,8.8750000000000000,1
"Canada",2016,3,"September",0,8.8750000000000000,1
"Canada",2016,4,"December",0,8.8750000000000000,1
"Canada",2016,4,"November",0,8.8750000000000000,1
"Canada",2016,4,"October",0,8.8750000000000000,1
"Canada",2017,1,"February",0,13.6802721088435374,2
"Canada",2017,1,"January",0,13.6802721088435374,2
"Canada",2017,1,"March",0,13.6802721088435374,2
"Canada",2017,2,"April",0,13.6802721088435374,2
"Canada",2017,2,"June",0,13.6802721088435374,2
"Canada",2017,2,"May",2.0,13.6802721088435374,1
"Canada",2017,3,"August",0,13.6802721088435374,2
"Canada",2017,3,"July",0,13.6802721088435374,2
"Canada",2017,3,"September",0,13.6802721088435374,2
"Canada",2017,4,"December",0,13.6802721088435374,2
"Canada",2017,4,"November",0,13.6802721088435374,2
"Canada",2017,4,"October",0,13.6802721088435374,2
"Canada",2018,1,"February",0,50.5735294117647059,3
"Canada",2018,1,"January",0,50.5735294117647059,3
"Canada",2018,1,"March",0,50.5735294117647059,3
"Canada",2018,2,"April",16.0,50.5735294117647059,2
"Canada",2018,2,"June",0,50.5735294117647059,3
"Canada",2018,2,"May",0,50.5735294117647059,3
"Canada",2018,3,"August",0,50.5735294117647059,3
"Canada",2018,3,"July",70.0,50.5735294117647059,1
"Canada",2018,3,"September",0,50.5735294117647059,3
"Canada",2018,4,"December",0,50.5735294117647059,3
"Canada",2018,4,"November",0,50.5735294117647059,3
"Canada",2018,4,"October",0,50.5735294117647059,3
"Canada",2019,1,"February",0,15.1842105263157895,3
"Canada",2019,1,"January",0,15.1842105263157895,3
"Canada",2019,1,"March",0,15.1842105263157895,3
"Canada",2019,2,"April",0,15.1842105263157895,3
"Canada",2019,2,"June",0,15.1842105263157895,3
"Canada",2019,2,"May",1.0,15.1842105263157895,1
"Canada",2019,3,"August",0,15.1842105263157895,3
"Canada",2019,3,"July",0,15.1842105263157895,3
"Canada",2019,3,"September",0,15.1842105263157895,3
"Canada",2019,4,"December",0,15.1842105263157895,3
"Canada",2019,4,"November",1.0,15.1842105263157895,1
"Canada",2019,4,"October",0,15.1842105263157895,3
"Canada",2020,1,"February",0,8.2919708029197080,2
"Canada",2020,1,"January",0,8.2919708029197080,2
"Canada",2020,1,"March",0,8.2919708029197080,2
"Canada",2020,2,"April",1.0,8.2919708029197080,1
"Canada",2020,2,"June",0,8.2919708029197080,2
"Canada",2020,2,"May",0,8.2919708029197080,2
"Canada",2020,3,"August",0,8.2919708029197080,2
"Canada",2020,3,"July",0,8.2919708029197080,2
"Canada",2020,3,"September",0,8.2919708029197080,2
"Canada",2020,4,"December",0,8.2919708029197080,2
"Canada",2020,4,"November",0,8.2919708029197080,2
"Canada",2020,4,"October",0,8.2919708029197080,2
"Chad",2005,1,"February",0,35.8920863309352518,3
"Chad",2005,1,"January",14.0,35.8920863309352518,2
"Chad",2005,1,"March",0,35.8920863309352518,3
"Chad",2005,2,"April",0,35.8920863309352518,3
"Chad",2005,2,"June",0,35.8920863309352518,3
"Chad",2005,2,"May",115.0,35.8920863309352518,1
"Chad",2005,3,"August",0,35.8920863309352518,3
"Chad",2005,3,"July",0,35.8920863309352518,3
"Chad",2005,3,"September",0,35.8920863309352518,3
"Chad",2005,4,"December",0,35.8920863309352518,3
"Chad",2005,4,"November",0,35.8920863309352518,3
"Chad",2005,4,"October",0,35.8920863309352518,3
"Chad",2006,1,"February",0,71.6982248520710059,3
"Chad",2006,1,"January",0,71.6982248520710059,3
"Chad",2006,1,"March",0,71.6982248520710059,3
"Chad",2006,2,"April",0,71.6982248520710059,3
"Chad",2006,2,"June",20.0,71.6982248520710059,2
"Chad",2006,2,"May",0,71.6982248520710059,3
"Chad",2006,3,"August",0,71.6982248520710059,3
"Chad",2006,3,"July",0,71.6982248520710059,3
"Chad",2006,3,"September",0,71.6982248520710059,3
"Chad",2006,4,"December",0,71.6982248520710059,3
"Chad",2006,4,"November",0,71.6982248520710059,3
"Chad",2006,4,"October",52.0,71.6982248520710059,1
"Chad",2007,1,"February",0,51.6624203821656051,4
"Chad",2007,1,"January",0,51.6624203821656051,4
"Chad",2007,1,"March",0,51.6624203821656051,4
"Chad",2007,2,"April",0,51.6624203821656051,4
"Chad",2007,2,"June",0,51.6624203821656051,4
"Chad",2007,2,"May",14.0,51.6624203821656051,1
"Chad",2007,3,"August",3.0,51.6624203821656051,3
"Chad",2007,3,"July",0,51.6624203821656051,4
"Chad",2007,3,"September",12.0,51.6624203821656051,2
"Chad",2007,4,"December",0,51.6624203821656051,4
"Chad",2007,4,"November",0,51.6624203821656051,4
"Chad",2007,4,"October",0,51.6624203821656051,4
"Chad",2008,1,"February",0,18.7142857142857143,2
"Chad",2008,1,"January",0,18.7142857142857143,2
"Chad",2008,1,"March",0,18.7142857142857143,2
"Chad",2008,2,"April",0,18.7142857142857143,2
"Chad",2008,2,"June",0,18.7142857142857143,2
"Chad",2008,2,"May",0,18.7142857142857143,2
"Chad",2008,3,"August",0,18.7142857142857143,2
"Chad",2008,3,"July",0,18.7142857142857143,2
"Chad",2008,3,"September",0,18.7142857142857143,2
"Chad",2008,4,"December",0,18.7142857142857143,2
"Chad",2008,4,"November",0,18.7142857142857143,2
"Chad",2008,4,"October",22.0,18.7142857142857143,1
"Chad",2009,1,"February",0,29.4421768707482993,4
"Chad",2009,1,"January",0,29.4421768707482993,4
"Chad",2009,1,"March",0,29.4421768707482993,4
"Chad",2009,2,"April",102.0,29.4421768707482993,1
"Chad",2009,2,"June",0,29.4421768707482993,4
"Chad",2009,2,"May",0,29.4421768707482993,4
"Chad",2009,3,"August",3.0,29.4421768707482993,2
"Chad",2009,3,"July",0,29.4421768707482993,4
"Chad",2009,3,"September",3.0,29.4421768707482993,2
"Chad",2009,4,"December",0,29.4421768707482993,4
"Chad",2009,4,"November",0,29.4421768707482993,4
"Chad",2009,4,"October",0,29.4421768707482993,4
"Chad",2010,1,"February",0,24.7770270270270270,3
"Chad",2010,1,"January",0,24.7770270270270270,3
"Chad",2010,1,"March",147.0,24.7770270270270270,1
"Chad",2010,2,"April",0,24.7770270270270270,3
"Chad",2010,2,"June",0,24.7770270270270270,3
"Chad",2010,2,"May",0,24.7770270270270270,3
"Chad",2010,3,"August",0,24.7770270270270270,3
"Chad",2010,3,"July",0,24.7770270270270270,3
"Chad",2010,3,"September",116.0,24.7770270270270270,2
"Chad",2010,4,"December",0,24.7770270270270270,3
"Chad",2010,4,"November",0,24.7770270270270270,3
"Chad",2010,4,"October",0,24.7770270270270270,3
"Chad",2011,1,"February",0,26.3855421686746988,3
"Chad",2011,1,"January",0,26.3855421686746988,3
"Chad",2011,1,"March",124.0,26.3855421686746988,2
"Chad",2011,2,"April",0,26.3855421686746988,3
"Chad",2011,2,"June",0,26.3855421686746988,3
"Chad",2011,2,"May",0,26.3855421686746988,3
"Chad",2011,3,"August",0,26.3855421686746988,3
"Chad",2011,3,"July",0,26.3855421686746988,3
"Chad",2011,3,"September",0,26.3855421686746988,3
"Chad",2011,4,"December",0,26.3855421686746988,3
"Chad",2011,4,"November",0,26.3855421686746988,3
"Chad",2011,4,"October",433.0,26.3855421686746988,1
"Chad",2012,1,"February",0,28.9517241379310345,3
"Chad",2012,1,"January",0,28.9517241379310345,3
"Chad",2012,1,"March",88.0,28.9517241379310345,1
"Chad",2012,2,"April",0,28.9517241379310345,3
"Chad",2012,2,"June",0,28.9517241379310345,3
"Chad",2012,2,"May",0,28.9517241379310345,3
"Chad",2012,3,"August",0,28.9517241379310345,3
"Chad",2012,3,"July",0,28.9517241379310345,3
"Chad",2012,3,"September",20.0,28.9517241379310345,2
"Chad",2012,4,"December",0,28.9517241379310345,3
"Chad",2012,4,"November",0,28.9517241379310345,3
"Chad",2012,4,"October",0,28.9517241379310345,3
"Chad",2013,1,"February",0,59.1800000000000000,1
"Chad",2013,1,"January",0,59.1800000000000000,1
"Chad",2013,1,"March",0,59.1800000000000000,1
"Chad",2013,2,"April",0,59.1800000000000000,1
"Chad",2013,2,"June",0,59.1800000000000000,1
"Chad",2013,2,"May",0,59.1800000000000000,1
"Chad",2013,3,"August",0,59.1800000000000000,1
"Chad",2013,3,"July",0,59.1800000000000000,1
"Chad",2013,3,"September",0,59.1800000000000000,1
"Chad",2013,4,"December",0,59.1800000000000000,1
"Chad",2013,4,"November",0,59.1800000000000000,1
"Chad",2013,4,"October",0,59.1800000000000000,1
"Chad",2014,1,"February",0,12.0579710144927536,1
"Chad",2014,1,"January",0,12.0579710144927536,1
"Chad",2014,1,"March",0,12.0579710144927536,1
"Chad",2014,2,"April",0,12.0579710144927536,1
"Chad",2014,2,"June",0,12.0579710144927536,1
"Chad",2014,2,"May",0,12.0579710144927536,1
"Chad",2014,3,"August",0,12.0579710144927536,1
"Chad",2014,3,"July",0,12.0579710144927536,1
"Chad",2014,3,"September",0,12.0579710144927536,1
"Chad",2014,4,"December",0,12.0579710144927536,1
"Chad",2014,4,"November",0,12.0579710144927536,1
"Chad",2014,4,"October",0,12.0579710144927536,1
"Chad",2015,1,"February",0,9.9607843137254902,1
"Chad",2015,1,"January",0,9.9607843137254902,1
"Chad",2015,1,"March",0,9.9607843137254902,1
"Chad",2015,2,"April",0,9.9607843137254902,1
"Chad",2015,2,"June",0,9.9607843137254902,1
"Chad",2015,2,"May",0,9.9607843137254902,1
"Chad",2015,3,"August",0,9.9607843137254902,1
"Chad",2015,3,"July",0,9.9607843137254902,1
"Chad",2015,3,"September",0,9.9607843137254902,1
"Chad",2015,4,"December",0,9.9607843137254902,1
"Chad",2015,4,"November",0,9.9607843137254902,1
"Chad",2015,4,"October",0,9.9607843137254902,1
"Chad",2016,1,"February",0,8.8750000000000000,1
"Chad",2016,1,"January",0,8.8750000000000000,1
"Chad",2016,1,"March",0,8.8750000000000000,1
"Chad",2016,2,"April",0,8.8750000000000000,1
"Chad",2016,2,"June",0,8.8750000000000000,1
"Chad",2016,2,"May",0,8.8750000000000000,1
"Chad",2016,3,"August",0,8.8750000000000000,1
"Chad",2016,3,"July",0,8.8750000000000000,1
"Chad",2016,3,"September",0,8.8750000000000000,1
"Chad",2016,4,"December",0,8.8750000000000000,1
"Chad",2016,4,"November",0,8.8750000000000000,1
"Chad",2016,4,"October",0,8.8750000000000000,1
"Chad",2017,1,"February",0,13.6802721088435374,2
"Chad",2017,1,"January",0,13.6802721088435374,2
"Chad",2017,1,"March",0,13.6802721088435374,2
"Chad",2017,2,"April",0,13.6802721088435374,2
"Chad",2017,2,"June",0,13.6802721088435374,2
"Chad",2017,2,"May",0,13.6802721088435374,2
"Chad",2017,3,"August",0,13.6802721088435374,2
"Chad",2017,3,"July",0,13.6802721088435374,2
"Chad",2017,3,"September",0,13.6802721088435374,2
"Chad",2017,4,"December",0,13.6802721088435374,2
"Chad",2017,4,"November",0,13.6802721088435374,2
"Chad",2017,4,"October",58.0,13.6802721088435374,1
"Chad",2018,1,"February",0,50.5735294117647059,1
"Chad",2018,1,"January",0,50.5735294117647059,1
"Chad",2018,1,"March",0,50.5735294117647059,1
"Chad",2018,2,"April",0,50.5735294117647059,1
"Chad",2018,2,"June",0,50.5735294117647059,1
"Chad",2018,2,"May",0,50.5735294117647059,1
"Chad",2018,3,"August",0,50.5735294117647059,1
"Chad",2018,3,"July",0,50.5735294117647059,1
"Chad",2018,3,"September",0,50.5735294117647059,1
"Chad",2018,4,"December",0,50.5735294117647059,1
"Chad",2018,4,"November",0,50.5735294117647059,1
"Chad",2018,4,"October",0,50.5735294117647059,1
"Chad",2019,1,"February",0,15.1842105263157895,2
"Chad",2019,1,"January",0,15.1842105263157895,2
"Chad",2019,1,"March",0,15.1842105263157895,2
"Chad",2019,2,"April",0,15.1842105263157895,2
"Chad",2019,2,"June",0,15.1842105263157895,2
"Chad",2019,2,"May",0,15.1842105263157895,2
"Chad",2019,3,"August",0,15.1842105263157895,2
"Chad",2019,3,"July",0,15.1842105263157895,2
"Chad",2019,3,"September",52.0,15.1842105263157895,1
"Chad",2019,4,"December",0,15.1842105263157895,2
"Chad",2019,4,"November",0,15.1842105263157895,2
"Chad",2019,4,"October",0,15.1842105263157895,2
"Chad",2020,1,"February",0,8.2919708029197080,2
"Chad",2020,1,"January",0,8.2919708029197080,2
"Chad",2020,1,"March",0,8.2919708029197080,2
"Chad",2020,2,"April",0,8.2919708029197080,2
"Chad",2020,2,"June",0,8.2919708029197080,2
"Chad",2020,2,"May",0,8.2919708029197080,2
"Chad",2020,3,"August",0,8.2919708029197080,2
"Chad",2020,3,"July",0,8.2919708029197080,2
"Chad",2020,3,"September",0,8.2919708029197080,2
"Chad",2020,4,"December",0,8.2919708029197080,2
"Chad",2020,4,"November",0,8.2919708029197080,2
"Chad",2020,4,"October",3.0,8.2919708029197080,1
"Guinea",2005,1,"February",0,35.8920863309352518,3
"Guinea",2005,1,"January",0,35.8920863309352518,3
"Guinea",2005,1,"March",0,35.8920863309352518,3
"Guinea",2005,2,"April",0,35.8920863309352518,3
"Guinea",2005,2,"June",0,35.8920863309352518,3
"Guinea",2005,2,"May",0,35.8920863309352518,3
"Guinea",2005,3,"August",0,35.8920863309352518,3
"Guinea",2005,3,"July",0,35.8920863309352518,3
"Guinea",2005,3,"September",10.0,35.8920863309352518,2
"Guinea",2005,4,"December",0,35.8920863309352518,3
"Guinea",2005,4,"November",0,35.8920863309352518,3
"Guinea",2005,4,"October",72.0,35.8920863309352518,1
"Guinea",2006,1,"February",0,71.6982248520710059,6
"Guinea",2006,1,"January",19.0,71.6982248520710059,2
"Guinea",2006,1,"March",18.0,71.6982248520710059,3
"Guinea",2006,2,"April",0,71.6982248520710059,6
"Guinea",2006,2,"June",0,71.6982248520710059,6
"Guinea",2006,2,"May",11.0,71.6982248520710059,5
"Guinea",2006,3,"August",0,71.6982248520710059,6
"Guinea",2006,3,"July",0,71.6982248520710059,6
"Guinea",2006,3,"September",0,71.6982248520710059,6
"Guinea",2006,4,"December",13.0,71.6982248520710059,4
"Guinea",2006,4,"November",0,71.6982248520710059,6
"Guinea",2006,4,"October",111.0,71.6982248520710059,1
"Guinea",2007,1,"February",0,51.6624203821656051,3
"Guinea",2007,1,"January",0,51.6624203821656051,3
"Guinea",2007,1,"March",116.0,51.6624203821656051,1
"Guinea",2007,2,"April",0,51.6624203821656051,3
"Guinea",2007,2,"June",0,51.6624203821656051,3
"Guinea",2007,2,"May",0,51.6624203821656051,3
"Guinea",2007,3,"August",90.0,51.6624203821656051,2
"Guinea",2007,3,"July",0,51.6624203821656051,3
"Guinea",2007,3,"September",0,51.6624203821656051,3
"Guinea",2007,4,"December",0,51.6624203821656051,3
"Guinea",2007,4,"November",0,51.6624203821656051,3
"Guinea",2007,4,"October",0,51.6624203821656051,3
"Guinea",2008,1,"February",0,18.7142857142857143,3
"Guinea",2008,1,"January",0,18.7142857142857143,3
"Guinea",2008,1,"March",14.0,18.7142857142857143,1
"Guinea",2008,2,"April",0,18.7142857142857143,3
"Guinea",2008,2,"June",0,18.7142857142857143,3
"Guinea",2008,2,"May",0,18.7142857142857143,3
"Guinea",2008,3,"August",0,18.7142857142857143,3
"Guinea",2008,3,"July",0,18.7142857142857143,3
"Guinea",2008,3,"September",0,18.7142857142857143,3
"Guinea",2008,4,"December",0,18.7142857142857143,3
"Guinea",2008,4,"November",13.0,18.7142857142857143,2
"Guinea",2008,4,"October",0,18.7142857142857143,3
"Guinea",2009,1,"February",0,29.4421768707482993,3
"Guinea",2009,1,"January",0,29.4421768707482993,3
"Guinea",2009,1,"March",0,29.4421768707482993,3
"Guinea",2009,2,"April",0,29.4421768707482993,3
"Guinea",2009,2,"June",0,29.4421768707482993,3
"Guinea",2009,2,"May",13.0,29.4421768707482993,1
"Guinea",2009,3,"August",2.0,29.4421768707482993,2
"Guinea",2009,3,"July",0,29.4421768707482993,3
"Guinea",2009,3,"September",0,29.4421768707482993,3
"Guinea",2009,4,"December",0,29.4421768707482993,3
"Guinea",2009,4,"November",0,29.4421768707482993,3
"Guinea",2009,4,"October",0,29.4421768707482993,3
"Guinea",2010,1,"February",0,24.7770270270270270,4
"Guinea",2010,1,"January",0,24.7770270270270270,4
"Guinea",2010,1,"March",0,24.7770270270270270,4
"Guinea",2010,2,"April",0,24.7770270270270270,4
"Guinea",2010,2,"June",0,24.7770270270270270,4
"Guinea",2010,2,"May",0,24.7770270270270270,4
"Guinea",2010,3,"August",0,24.7770270270270270,4
"Guinea",2010,3,"July",7.0,24.7770270270270270,2
"Guinea",2010,3,"September",1.0,24.7770270270270270,3
"Guinea",2010,4,"December",0,24.7770270270270270,4
"Guinea",2010,4,"November",19.0,24.7770270270270270,1
"Guinea",2010,4,"October",0,24.7770270270270270,4
"Guinea",2011,1,"February",0,26.3855421686746988,3
"Guinea",2011,1,"January",0,26.3855421686746988,3
"Guinea",2011,1,"March",0,26.3855421686746988,3
"Guinea",2011,2,"April",0,26.3855421686746988,3
"Guinea",2011,2,"June",0,26.3855421686746988,3
"Guinea",2011,2,"May",0,26.3855421686746988,3
"Guinea",2011,3,"August",0,26.3855421686746988,3
"Guinea",2011,3,"July",0,26.3855421686746988,3
"Guinea",2011,3,"September",0,26.3855421686746988,3
"Guinea",2011,4,"December",36.0,26.3855421686746988,1
"Guinea",2011,4,"November",0,26.3855421686746988,3
"Guinea",2011,4,"October",20.0,26.3855421686746988,2
"Guinea",2012,1,"February",0,28.9517241379310345,5
"Guinea",2012,1,"January",0,28.9517241379310345,5
"Guinea",2012,1,"March",50.0,28.9517241379310345,2
"Guinea",2012,2,"April",0,28.9517241379310345,5
"Guinea",2012,2,"June",0,28.9517241379310345,5
"Guinea",2012,2,"May",0,28.9517241379310345,5
"Guinea",2012,3,"August",40.0,28.9517241379310345,3
"Guinea",2012,3,"July",0,28.9517241379310345,5
"Guinea",2012,3,"September",105.0,28.9517241379310345,1
"Guinea",2012,4,"December",20.0,28.9517241379310345,4
"Guinea",2012,4,"November",0,28.9517241379310345,5
"Guinea",2012,4,"October",0,28.9517241379310345,5
"Guinea",2013,1,"February",0,59.1800000000000000,2
"Guinea",2013,1,"January",0,59.1800000000000000,2
"Guinea",2013,1,"March",0,59.1800000000000000,2
"Guinea",2013,2,"April",0,59.1800000000000000,2
"Guinea",2013,2,"June",0,59.1800000000000000,2
"Guinea",2013,2,"May",0,59.1800000000000000,2
"Guinea",2013,3,"August",0,59.1800000000000000,2
"Guinea",2013,3,"July",0,59.1800000000000000,2
"Guinea",2013,3,"September",0,59.1800000000000000,2
"Guinea",2013,4,"December",0,59.1800000000000000,2
"Guinea",2013,4,"November",25.0,59.1800000000000000,1
"Guinea",2013,4,"October",0,59.1800000000000000,2
"Guinea",2014,1,"February",0,12.0579710144927536,4
"Guinea",2014,1,"January",0,12.0579710144927536,4
"Guinea",2014,1,"March",0,12.0579710144927536,4
"Guinea",2014,2,"April",0,12.0579710144927536,4
"Guinea",2014,2,"June",11.0,12.0579710144927536,3
"Guinea",2014,2,"May",0,12.0579710144927536,4
"Guinea",2014,3,"August",0,12.0579710144927536,4
"Guinea",2014,3,"July",34.0,12.0579710144927536,2
"Guinea",2014,3,"September",0,12.0579710144927536,4
"Guinea",2014,4,"December",0,12.0579710144927536,4
"Guinea",2014,4,"November",0,12.0579710144927536,4
"Guinea",2014,4,"October",38.0,12.0579710144927536,1
"Guinea",2015,1,"February",0,9.9607843137254902,5
"Guinea",2015,1,"January",0,9.9607843137254902,5
"Guinea",2015,1,"March",10.0,9.9607843137254902,2
"Guinea",2015,2,"April",0,9.9607843137254902,5
"Guinea",2015,2,"June",0,9.9607843137254902,5
"Guinea",2015,2,"May",0,9.9607843137254902,5
"Guinea",2015,3,"August",9.0,9.9607843137254902,3
"Guinea",2015,3,"July",0,9.9607843137254902,5
"Guinea",2015,3,"September",7.0,9.9607843137254902,4
"Guinea",2015,4,"December",12.0,9.9607843137254902,1
"Guinea",2015,4,"November",0,9.9607843137254902,5
"Guinea",2015,4,"October",0,9.9607843137254902,5
"Guinea",2016,1,"February",15.0,8.8750000000000000,1
"Guinea",2016,1,"January",0,8.8750000000000000,2
"Guinea",2016,1,"March",0,8.8750000000000000,2
"Guinea",2016,2,"April",0,8.8750000000000000,2
"Guinea",2016,2,"June",0,8.8750000000000000,2
"Guinea",2016,2,"May",0,8.8750000000000000,2
"Guinea",2016,3,"August",0,8.8750000000000000,2
"Guinea",2016,3,"July",0,8.8750000000000000,2
"Guinea",2016,3,"September",0,8.8750000000000000,2
"Guinea",2016,4,"December",0,8.8750000000000000,2
"Guinea",2016,4,"November",0,8.8750000000000000,2
"Guinea",2016,4,"October",0,8.8750000000000000,2
"Guinea",2017,1,"February",0,13.6802721088435374,1
"Guinea",2017,1,"January",0,13.6802721088435374,1
"Guinea",2017,1,"March",0,13.6802721088435374,1
"Guinea",2017,2,"April",0,13.6802721088435374,1
"Guinea",2017,2,"June",0,13.6802721088435374,1
"Guinea",2017,2,"May",0,13.6802721088435374,1
"Guinea",2017,3,"August",0,13.6802721088435374,1
"Guinea",2017,3,"July",0,13.6802721088435374,1
"Guinea",2017,3,"September",0,13.6802721088435374,1
"Guinea",2017,4,"December",0,13.6802721088435374,1
"Guinea",2017,4,"November",0,13.6802721088435374,1
"Guinea",2017,4,"October",0,13.6802721088435374,1
"Guinea",2018,1,"February",0,50.5735294117647059,2
"Guinea",2018,1,"January",0,50.5735294117647059,2
"Guinea",2018,1,"March",0,50.5735294117647059,2
"Guinea",2018,2,"April",0,50.5735294117647059,2
"Guinea",2018,2,"June",0,50.5735294117647059,2
"Guinea",2018,2,"May",0,50.5735294117647059,2
"Guinea",2018,3,"August",0,50.5735294117647059,2
"Guinea",2018,3,"July",0,50.5735294117647059,2
"Guinea",2018,3,"September",0,50.5735294117647059,2
"Guinea",2018,4,"December",18.0,50.5735294117647059,1
"Guinea",2018,4,"November",0,50.5735294117647059,2
"Guinea",2018,4,"October",0,50.5735294117647059,2
"Guinea",2019,1,"February",17.0,15.1842105263157895,1
"Guinea",2019,1,"January",0,15.1842105263157895,3
"Guinea",2019,1,"March",0,15.1842105263157895,3
"Guinea",2019,2,"April",0,15.1842105263157895,3
"Guinea",2019,2,"June",0,15.1842105263157895,3
"Guinea",2019,2,"May",0,15.1842105263157895,3
"Guinea",2019,3,"August",0,15.1842105263157895,3
"Guinea",2019,3,"July",0,15.1842105263157895,3
"Guinea",2019,3,"September",0,15.1842105263157895,3
"Guinea",2019,4,"December",0,15.1842105263157895,3
"Guinea",2019,4,"November",10.0,15.1842105263157895,2
"Guinea",2019,4,"October",0,15.1842105263157895,3
"Guinea",2020,1,"February",0,8.2919708029197080,1
"Guinea",2020,1,"January",0,8.2919708029197080,1
"Guinea",2020,1,"March",0,8.2919708029197080,1
"Guinea",2020,2,"April",0,8.2919708029197080,1
"Guinea",2020,2,"June",0,8.2919708029197080,1
"Guinea",2020,2,"May",0,8.2919708029197080,1
"Guinea",2020,3,"August",0,8.2919708029197080,1
"Guinea",2020,3,"July",0,8.2919708029197080,1
"Guinea",2020,3,"September",0,8.2919708029197080,1
"Guinea",2020,4,"December",0,8.2919708029197080,1
"Guinea",2020,4,"November",0,8.2919708029197080,1
"Guinea",2020,4,"October",0,8.2919708029197080,1
"Indonesia",2005,1,"February",143.0,35.8920863309352518,4
"Indonesia",2005,1,"January",1.0,35.8920863309352518,8
"Indonesia",2005,1,"March",963.0,35.8920863309352518,1
"Indonesia",2005,2,"April",47.0,35.8920863309352518,5
"Indonesia",2005,2,"June",2.0,35.8920863309352518,7
"Indonesia",2005,2,"May",0,35.8920863309352518,9
"Indonesia",2005,3,"August",0,35.8920863309352518,9
"Indonesia",2005,3,"July",200.0,35.8920863309352518,2
"Indonesia",2005,3,"September",193.0,35.8920863309352518,3
"Indonesia",2005,4,"December",0,35.8920863309352518,9
"Indonesia",2005,4,"November",0,35.8920863309352518,9
"Indonesia",2005,4,"October",28.0,35.8920863309352518,6
"Indonesia",2006,1,"February",58.0,71.6982248520710059,7
"Indonesia",2006,1,"January",214.0,71.6982248520710059,5
"Indonesia",2006,1,"March",3.0,71.6982248520710059,10
"Indonesia",2006,2,"April",74.0,71.6982248520710059,6
"Indonesia",2006,2,"June",364.0,71.6982248520710059,4
"Indonesia",2006,2,"May",5802.0,71.6982248520710059,1
"Indonesia",2006,3,"August",0,71.6982248520710059,11
"Indonesia",2006,3,"July",802.0,71.6982248520710059,2
"Indonesia",2006,3,"September",23.0,71.6982248520710059,9
"Indonesia",2006,4,"December",476.0,71.6982248520710059,3
"Indonesia",2006,4,"November",24.0,71.6982248520710059,8
"Indonesia",2006,4,"October",0,71.6982248520710059,11
"Indonesia",2007,1,"February",167.0,51.6624203821656051,4
"Indonesia",2007,1,"January",165.0,51.6624203821656051,5
"Indonesia",2007,1,"March",179.0,51.6624203821656051,2
"Indonesia",2007,2,"April",0,51.6624203821656051,11
"Indonesia",2007,2,"June",4.0,51.6624203821656051,9
"Indonesia",2007,2,"May",0,51.6624203821656051,11
"Indonesia",2007,3,"August",103.0,51.6624203821656051,6
"Indonesia",2007,3,"July",470.0,51.6624203821656051,1
"Indonesia",2007,3,"September",29.0,51.6624203821656051,8
"Indonesia",2007,4,"December",177.0,51.6624203821656051,3
"Indonesia",2007,4,"November",3.0,51.6624203821656051,10
"Indonesia",2007,4,"October",90.0,51.6624203821656051,7
"Indonesia",2008,1,"February",31.0,18.7142857142857143,3
"Indonesia",2008,1,"January",3.0,18.7142857142857143,7
"Indonesia",2008,1,"March",3.0,18.7142857142857143,7
"Indonesia",2008,2,"April",0,18.7142857142857143,9
"Indonesia",2008,2,"June",0,18.7142857142857143,9
"Indonesia",2008,2,"May",21.0,18.7142857142857143,5
"Indonesia",2008,3,"August",0,18.7142857142857143,9
"Indonesia",2008,3,"July",16.0,18.7142857142857143,6
"Indonesia",2008,3,"September",39.0,18.7142857142857143,1
"Indonesia",2008,4,"December",0,18.7142857142857143,9
"Indonesia",2008,4,"November",39.0,18.7142857142857143,1
"Indonesia",2008,4,"October",30.0,18.7142857142857143,4
"Indonesia",2009,1,"February",18.0,29.4421768707482993,9
"Indonesia",2009,1,"January",295.0,29.4421768707482993,2
"Indonesia",2009,1,"March",64.0,29.4421768707482993,4
"Indonesia",2009,2,"April",35.0,29.4421768707482993,7
"Indonesia",2009,2,"June",41.0,29.4421768707482993,6
"Indonesia",2009,2,"May",125.0,29.4421768707482993,3
"Indonesia",2009,3,"August",0,29.4421768707482993,10
"Indonesia",2009,3,"July",0,29.4421768707482993,10
"Indonesia",2009,3,"September",1361.0,29.4421768707482993,1
"Indonesia",2009,4,"December",26.0,29.4421768707482993,8
"Indonesia",2009,4,"November",62.0,29.4421768707482993,5
"Indonesia",2009,4,"October",0,29.4421768707482993,10
"Indonesia",2010,1,"February",0,24.7770270270270270,9
"Indonesia",2010,1,"January",15.0,24.7770270270270270,7
"Indonesia",2010,1,"March",44.0,24.7770270270270270,2
"Indonesia",2010,2,"April",0,24.7770270270270270,9
"Indonesia",2010,2,"June",29.0,24.7770270270270270,3
"Indonesia",2010,2,"May",0,24.7770270270270270,9
"Indonesia",2010,3,"August",10.0,24.7770270270270270,8
"Indonesia",2010,3,"July",21.0,24.7770270270270270,5
"Indonesia",2010,3,"September",25.0,24.7770270270270270,4
"Indonesia",2010,4,"December",0,24.7770270270270270,9
"Indonesia",2010,4,"November",16.0,24.7770270270270270,6
"Indonesia",2010,4,"October",1214.0,24.7770270270270270,1
"Indonesia",2011,1,"February",0,26.3855421686746988,11
"Indonesia",2011,1,"January",27.0,26.3855421686746988,7
"Indonesia",2011,1,"March",35.0,26.3855421686746988,5
"Indonesia",2011,2,"April",18.0,26.3855421686746988,8
"Indonesia",2011,2,"June",28.0,26.3855421686746988,6
"Indonesia",2011,2,"May",44.0,26.3855421686746988,4
"Indonesia",2011,3,"August",17.0,26.3855421686746988,9
"Indonesia",2011,3,"July",16.0,26.3855421686746988,10
"Indonesia",2011,3,"September",53.0,26.3855421686746988,3
"Indonesia",2011,4,"December",216.0,26.3855421686746988,1
"Indonesia",2011,4,"November",82.0,26.3855421686746988,2
"Indonesia",2011,4,"October",0,26.3855421686746988,11
"Indonesia",2012,1,"February",5.0,28.9517241379310345,9
"Indonesia",2012,1,"January",16.0,28.9517241379310345,4
"Indonesia",2012,1,"March",0,28.9517241379310345,11
"Indonesia",2012,2,"April",7.0,28.9517241379310345,8
"Indonesia",2012,2,"June",68.0,28.9517241379310345,2
"Indonesia",2012,2,"May",96.0,28.9517241379310345,1
"Indonesia",2012,3,"August",10.0,28.9517241379310345,7
"Indonesia",2012,3,"July",16.0,28.9517241379310345,4
"Indonesia",2012,3,"September",61.0,28.9517241379310345,3
"Indonesia",2012,4,"December",3.0,28.9517241379310345,10
"Indonesia",2012,4,"November",13.0,28.9517241379310345,6
"Indonesia",2012,4,"October",0,28.9517241379310345,11
"Indonesia",2013,1,"February",20.0,59.1800000000000000,5
"Indonesia",2013,1,"January",64.0,59.1800000000000000,2
"Indonesia",2013,1,"March",13.0,59.1800000000000000,6
"Indonesia",2013,2,"April",11.0,59.1800000000000000,7
"Indonesia",2013,2,"June",0,59.1800000000000000,10
"Indonesia",2013,2,"May",28.0,59.1800000000000000,4
"Indonesia",2013,3,"August",0,59.1800000000000000,10
"Indonesia",2013,3,"July",88.0,59.1800000000000000,1
"Indonesia",2013,3,"September",36.0,59.1800000000000000,3
"Indonesia",2013,4,"December",4.0,59.1800000000000000,8
"Indonesia",2013,4,"November",0,59.1800000000000000,10
"Indonesia",2013,4,"October",1.0,59.1800000000000000,9
"Indonesia",2014,1,"February",84.0,12.0579710144927536,2
"Indonesia",2014,1,"January",50.0,12.0579710144927536,4
"Indonesia",2014,1,"March",0,12.0579710144927536,9
"Indonesia",2014,2,"April",0,12.0579710144927536,9
"Indonesia",2014,2,"June",15.0,12.0579710144927536,7
"Indonesia",2014,2,"May",0,12.0579710144927536,9
"Indonesia",2014,3,"August",0,12.0579710144927536,9
"Indonesia",2014,3,"July",49.0,12.0579710144927536,5
"Indonesia",2014,3,"September",21.0,12.0579710144927536,6
"Indonesia",2014,4,"December",270.0,12.0579710144927536,1
"Indonesia",2014,4,"November",1.0,12.0579710144927536,8
"Indonesia",2014,4,"October",61.0,12.0579710144927536,3
"Indonesia",2015,1,"February",8.0,9.9607843137254902,7
"Indonesia",2015,1,"January",1.0,9.9607843137254902,8
"Indonesia",2015,1,"March",12.0,9.9607843137254902,5
"Indonesia",2015,2,"April",0,9.9607843137254902,9
"Indonesia",2015,2,"June",142.0,9.9607843137254902,2
"Indonesia",2015,2,"May",13.0,9.9607843137254902,4
"Indonesia",2015,3,"August",54.0,9.9607843137254902,3
"Indonesia",2015,3,"July",11.0,9.9607843137254902,6
"Indonesia",2015,3,"September",0,9.9607843137254902,9
"Indonesia",2015,4,"December",147.0,9.9607843137254902,1
"Indonesia",2015,4,"November",0,9.9607843137254902,9
"Indonesia",2015,4,"October",0,9.9607843137254902,9
"Indonesia",2016,1,"February",8.0,8.8750000000000000,8
"Indonesia",2016,1,"January",0,8.8750000000000000,9
"Indonesia",2016,1,"March",11.0,8.8750000000000000,6
"Indonesia",2016,2,"April",0,8.8750000000000000,9
"Indonesia",2016,2,"June",74.0,8.8750000000000000,2
"Indonesia",2016,2,"May",15.0,8.8750000000000000,5
"Indonesia",2016,3,"August",0,8.8750000000000000,9
"Indonesia",2016,3,"July",0,8.8750000000000000,9
"Indonesia",2016,3,"September",53.0,8.8750000000000000,4
"Indonesia",2016,4,"December",127.0,8.8750000000000000,1
"Indonesia",2016,4,"November",67.0,8.8750000000000000,3
"Indonesia",2016,4,"October",11.0,8.8750000000000000,6
"Indonesia",2017,1,"February",14.0,13.6802721088435374,5
"Indonesia",2017,1,"January",40.0,13.6802721088435374,3
"Indonesia",2017,1,"March",8.0,13.6802721088435374,7
"Indonesia",2017,2,"April",51.0,13.6802721088435374,1
"Indonesia",2017,2,"June",4.0,13.6802721088435374,9
"Indonesia",2017,2,"May",7.0,13.6802721088435374,8
"Indonesia",2017,3,"August",0,13.6802721088435374,11
"Indonesia",2017,3,"July",10.0,13.6802721088435374,6
"Indonesia",2017,3,"September",0,13.6802721088435374,11
"Indonesia",2017,4,"December",4.0,13.6802721088435374,9
"Indonesia",2017,4,"November",22.0,13.6802721088435374,4
"Indonesia",2017,4,"October",46.0,13.6802721088435374,2
"Indonesia",2018,1,"February",35.0,50.5735294117647059,7
"Indonesia",2018,1,"January",1.0,50.5735294117647059,10
"Indonesia",2018,1,"March",3.0,50.5735294117647059,9
"Indonesia",2018,2,"April",21.0,50.5735294117647059,8
"Indonesia",2018,2,"June",180.0,50.5735294117647059,5
"Indonesia",2018,2,"May",0,50.5735294117647059,11
"Indonesia",2018,3,"August",574.0,50.5735294117647059,2
"Indonesia",2018,3,"July",48.0,50.5735294117647059,6
"Indonesia",2018,3,"September",4174.0,50.5735294117647059,1
"Indonesia",2018,4,"December",475.0,50.5735294117647059,3
"Indonesia",2018,4,"November",0,50.5735294117647059,11
"Indonesia",2018,4,"October",224.0,50.5735294117647059,4
"Indonesia",2019,1,"February",13.0,15.1842105263157895,8
"Indonesia",2019,1,"January",86.0,15.1842105263157895,2
"Indonesia",2019,1,"March",229.0,15.1842105263157895,1
"Indonesia",2019,2,"April",2.0,15.1842105263157895,10
"Indonesia",2019,2,"June",67.0,15.1842105263157895,3
"Indonesia",2019,2,"May",18.0,15.1842105263157895,7
"Indonesia",2019,3,"August",28.0,15.1842105263157895,6
"Indonesia",2019,3,"July",8.0,15.1842105263157895,9
"Indonesia",2019,3,"September",31.0,15.1842105263157895,5
"Indonesia",2019,4,"December",48.0,15.1842105263157895,4
"Indonesia",2019,4,"November",0,15.1842105263157895,11
"Indonesia",2019,4,"October",0,15.1842105263157895,11
"Indonesia",2020,1,"February",16.0,8.2919708029197080,3
"Indonesia",2020,1,"January",39.0,8.2919708029197080,2
"Indonesia",2020,1,"March",2.0,8.2919708029197080,10
"Indonesia",2020,2,"April",5.0,8.2919708029197080,9
"Indonesia",2020,2,"June",11.0,8.2919708029197080,5
"Indonesia",2020,2,"May",9.0,8.2919708029197080,7
"Indonesia",2020,3,"August",0,8.2919708029197080,11
"Indonesia",2020,3,"July",105.0,8.2919708029197080,1
"Indonesia",2020,3,"September",11.0,8.2919708029197080,5
"Indonesia",2020,4,"December",7.0,8.2919708029197080,8
"Indonesia",2020,4,"November",0,8.2919708029197080,11
"Indonesia",2020,4,"October",15.0,8.2919708029197080,4
"Mexico",2005,1,"February",0,35.8920863309352518,9
"Mexico",2005,1,"January",12.0,35.8920863309352518,4
"Mexico",2005,1,"March",0,35.8920863309352518,9
"Mexico",2005,2,"April",20.0,35.8920863309352518,3
"Mexico",2005,2,"June",2.0,35.8920863309352518,7
"Mexico",2005,2,"May",8.0,35.8920863309352518,5
"Mexico",2005,3,"August",30.0,35.8920863309352518,2
"Mexico",2005,3,"July",2.0,35.8920863309352518,7
"Mexico",2005,3,"September",3.0,35.8920863309352518,6
"Mexico",2005,4,"December",0,35.8920863309352518,9
"Mexico",2005,4,"November",0,35.8920863309352518,9
"Mexico",2005,4,"October",43.0,35.8920863309352518,1
"Mexico",2006,1,"February",65.0,71.6982248520710059,1
"Mexico",2006,1,"January",0,71.6982248520710059,8
"Mexico",2006,1,"March",0,71.6982248520710059,8
"Mexico",2006,2,"April",57.0,71.6982248520710059,2
"Mexico",2006,2,"June",0,71.6982248520710059,8
"Mexico",2006,2,"May",0,71.6982248520710059,8
"Mexico",2006,3,"August",11.0,71.6982248520710059,6
"Mexico",2006,3,"July",0,71.6982248520710059,8
"Mexico",2006,3,"September",21.0,71.6982248520710059,4
"Mexico",2006,4,"December",22.0,71.6982248520710059,3
"Mexico",2006,4,"November",5.0,71.6982248520710059,7
"Mexico",2006,4,"October",18.0,71.6982248520710059,5
"Mexico",2007,1,"February",0,51.6624203821656051,7
"Mexico",2007,1,"January",29.0,51.6624203821656051,5
"Mexico",2007,1,"March",0,51.6624203821656051,7
"Mexico",2007,2,"April",0,51.6624203821656051,7
"Mexico",2007,2,"June",0,51.6624203821656051,7
"Mexico",2007,2,"May",0,51.6624203821656051,7
"Mexico",2007,3,"August",9.0,51.6624203821656051,6
"Mexico",2007,3,"July",32.0,51.6624203821656051,4
"Mexico",2007,3,"September",50.0,51.6624203821656051,2
"Mexico",2007,4,"December",0,51.6624203821656051,7
"Mexico",2007,4,"November",38.0,51.6624203821656051,3
"Mexico",2007,4,"October",52.0,51.6624203821656051,1
"Mexico",2008,1,"February",0,18.7142857142857143,8
"Mexico",2008,1,"January",0,18.7142857142857143,8
"Mexico",2008,1,"March",0,18.7142857142857143,8
"Mexico",2008,2,"April",11.0,18.7142857142857143,6
"Mexico",2008,2,"June",26.0,18.7142857142857143,2
"Mexico",2008,2,"May",24.0,18.7142857142857143,4
"Mexico",2008,3,"August",0,18.7142857142857143,8
"Mexico",2008,3,"July",25.0,18.7142857142857143,3
"Mexico",2008,3,"September",22.0,18.7142857142857143,5
"Mexico",2008,4,"December",0,18.7142857142857143,8
"Mexico",2008,4,"November",32.0,18.7142857142857143,1
"Mexico",2008,4,"October",11.0,18.7142857142857143,6
"Mexico",2009,1,"February",0,29.4421768707482993,7
"Mexico",2009,1,"January",0,29.4421768707482993,7
"Mexico",2009,1,"March",22.0,29.4421768707482993,2
"Mexico",2009,2,"April",18.0,29.4421768707482993,3
"Mexico",2009,2,"June",49.0,29.4421768707482993,1
"Mexico",2009,2,"May",0,29.4421768707482993,7
"Mexico",2009,3,"August",0,29.4421768707482993,7
"Mexico",2009,3,"July",11.0,29.4421768707482993,4
"Mexico",2009,3,"September",11.0,29.4421768707482993,4
"Mexico",2009,4,"December",0,29.4421768707482993,7
"Mexico",2009,4,"November",0,29.4421768707482993,7
"Mexico",2009,4,"October",10.0,29.4421768707482993,6
"Mexico",2010,1,"February",41.0,24.7770270270270270,2
"Mexico",2010,1,"January",0,24.7770270270270270,10
"Mexico",2010,1,"March",0,24.7770270270270270,10
"Mexico",2010,2,"April",2.0,24.7770270270270270,9
"Mexico",2010,2,"June",22.0,24.7770270270270270,4
"Mexico",2010,2,"May",0,24.7770270270270270,10
"Mexico",2010,3,"August",6.0,24.7770270270270270,8
"Mexico",2010,3,"July",22.0,24.7770270270270270,4
"Mexico",2010,3,"September",124.0,24.7770270270270270,1
"Mexico",2010,4,"December",38.0,24.7770270270270270,3
"Mexico",2010,4,"November",21.0,24.7770270270270270,6
"Mexico",2010,4,"October",18.0,24.7770270270270270,7
"Mexico",2011,1,"February",3.0,26.3855421686746988,5
"Mexico",2011,1,"January",0,26.3855421686746988,8
"Mexico",2011,1,"March",0,26.3855421686746988,8
"Mexico",2011,2,"April",0,26.3855421686746988,8
"Mexico",2011,2,"June",3.0,26.3855421686746988,5
"Mexico",2011,2,"May",28.0,26.3855421686746988,2
"Mexico",2011,3,"August",0,26.3855421686746988,8
"Mexico",2011,3,"July",28.0,26.3855421686746988,2
"Mexico",2011,3,"September",84.0,26.3855421686746988,1
"Mexico",2011,4,"December",2.0,26.3855421686746988,7
"Mexico",2011,4,"November",5.0,26.3855421686746988,4
"Mexico",2011,4,"October",0,26.3855421686746988,8
"Mexico",2012,1,"February",0,28.9517241379310345,6
"Mexico",2012,1,"January",0,28.9517241379310345,6
"Mexico",2012,1,"March",2.0,28.9517241379310345,5
"Mexico",2012,2,"April",43.0,28.9517241379310345,1
"Mexico",2012,2,"June",35.0,28.9517241379310345,2
"Mexico",2012,2,"May",0,28.9517241379310345,6
"Mexico",2012,3,"August",12.0,28.9517241379310345,4
"Mexico",2012,3,"July",0,28.9517241379310345,6
"Mexico",2012,3,"September",32.0,28.9517241379310345,3
"Mexico",2012,4,"December",0,28.9517241379310345,6
"Mexico",2012,4,"November",0,28.9517241379310345,6
"Mexico",2012,4,"October",0,28.9517241379310345,6
"Mexico",2013,1,"February",0,59.1800000000000000,7
"Mexico",2013,1,"January",37.0,59.1800000000000000,2
"Mexico",2013,1,"March",17.0,59.1800000000000000,6
"Mexico",2013,2,"April",0,59.1800000000000000,7
"Mexico",2013,2,"June",0,59.1800000000000000,7
"Mexico",2013,2,"May",29.0,59.1800000000000000,3
"Mexico",2013,3,"August",23.0,59.1800000000000000,5
"Mexico",2013,3,"July",0,59.1800000000000000,7
"Mexico",2013,3,"September",205.0,59.1800000000000000,1
"Mexico",2013,4,"December",0,59.1800000000000000,7
"Mexico",2013,4,"November",0,59.1800000000000000,7
"Mexico",2013,4,"October",26.0,59.1800000000000000,4
"Mexico",2014,1,"February",0,12.0579710144927536,4
"Mexico",2014,1,"January",0,12.0579710144927536,4
"Mexico",2014,1,"March",0,12.0579710144927536,4
"Mexico",2014,2,"April",0,12.0579710144927536,4
"Mexico",2014,2,"June",0,12.0579710144927536,4
"Mexico",2014,2,"May",0,12.0579710144927536,4
"Mexico",2014,3,"August",0,12.0579710144927536,4
"Mexico",2014,3,"July",3.0,12.0579710144927536,3
"Mexico",2014,3,"September",13.0,12.0579710144927536,1
"Mexico",2014,4,"December",0,12.0579710144927536,4
"Mexico",2014,4,"November",0,12.0579710144927536,4
"Mexico",2014,4,"October",6.0,12.0579710144927536,2
"Mexico",2015,1,"February",20.0,9.9607843137254902,4
"Mexico",2015,1,"January",16.0,9.9607843137254902,5
"Mexico",2015,1,"March",32.0,9.9607843137254902,1
"Mexico",2015,2,"April",0,9.9607843137254902,9
"Mexico",2015,2,"June",0,9.9607843137254902,9
"Mexico",2015,2,"May",14.0,9.9607843137254902,7
"Mexico",2015,3,"August",0,9.9607843137254902,9
"Mexico",2015,3,"July",27.0,9.9607843137254902,2
"Mexico",2015,3,"September",0,9.9607843137254902,9
"Mexico",2015,4,"December",15.0,9.9607843137254902,6
"Mexico",2015,4,"November",23.0,9.9607843137254902,3
"Mexico",2015,4,"October",14.0,9.9607843137254902,7
"Mexico",2016,1,"February",14.0,8.8750000000000000,6
"Mexico",2016,1,"January",21.0,8.8750000000000000,5
"Mexico",2016,1,"March",0,8.8750000000000000,9
"Mexico",2016,2,"April",32.0,8.8750000000000000,3
"Mexico",2016,2,"June",0,8.8750000000000000,9
"Mexico",2016,2,"May",0,8.8750000000000000,9
"Mexico",2016,3,"August",54.0,8.8750000000000000,1
"Mexico",2016,3,"July",0,8.8750000000000000,9
"Mexico",2016,3,"September",27.0,8.8750000000000000,4
"Mexico",2016,4,"December",42.0,8.8750000000000000,2
"Mexico",2016,4,"November",2.0,8.8750000000000000,8
"Mexico",2016,4,"October",5.0,8.8750000000000000,7
"Mexico",2017,1,"February",0,13.6802721088435374,7
"Mexico",2017,1,"January",0,13.6802721088435374,7
"Mexico",2017,1,"March",0,13.6802721088435374,7
"Mexico",2017,2,"April",24.0,13.6802721088435374,3
"Mexico",2017,2,"June",6.0,13.6802721088435374,5
"Mexico",2017,2,"May",31.0,13.6802721088435374,2
"Mexico",2017,3,"August",0,13.6802721088435374,7
"Mexico",2017,3,"July",0,13.6802721088435374,7
"Mexico",2017,3,"September",490.0,13.6802721088435374,1
"Mexico",2017,4,"December",23.0,13.6802721088435374,4
"Mexico",2017,4,"November",0,13.6802721088435374,7
"Mexico",2017,4,"October",2.0,13.6802721088435374,6
"Mexico",2018,1,"February",14.0,50.5735294117647059,4
"Mexico",2018,1,"January",0,50.5735294117647059,5
"Mexico",2018,1,"March",0,50.5735294117647059,5
"Mexico",2018,2,"April",0,50.5735294117647059,5
"Mexico",2018,2,"June",0,50.5735294117647059,5
"Mexico",2018,2,"May",0,50.5735294117647059,5
"Mexico",2018,3,"August",0,50.5735294117647059,5
"Mexico",2018,3,"July",25.0,50.5735294117647059,1
"Mexico",2018,3,"September",20.0,50.5735294117647059,2
"Mexico",2018,4,"December",0,50.5735294117647059,5
"Mexico",2018,4,"November",0,50.5735294117647059,5
"Mexico",2018,4,"October",20.0,50.5735294117647059,2
"Mexico",2019,1,"February",0,15.1842105263157895,7
"Mexico",2019,1,"January",125.0,15.1842105263157895,1
"Mexico",2019,1,"March",23.0,15.1842105263157895,3
"Mexico",2019,2,"April",0,15.1842105263157895,7
"Mexico",2019,2,"June",9.0,15.1842105263157895,5
"Mexico",2019,2,"May",34.0,15.1842105263157895,2
"Mexico",2019,3,"August",0,15.1842105263157895,7
"Mexico",2019,3,"July",0,15.1842105263157895,7
"Mexico",2019,3,"September",4.0,15.1842105263157895,6
"Mexico",2019,4,"December",17.0,15.1842105263157895,4
"Mexico",2019,4,"November",0,15.1842105263157895,7
"Mexico",2019,4,"October",0,15.1842105263157895,7
"Mexico",2020,1,"February",0,8.2919708029197080,6
"Mexico",2020,1,"January",0,8.2919708029197080,6
"Mexico",2020,1,"March",0,8.2919708029197080,6
"Mexico",2020,2,"April",0,8.2919708029197080,6
"Mexico",2020,2,"June",10.0,8.2919708029197080,2
"Mexico",2020,2,"May",0,8.2919708029197080,6
"Mexico",2020,3,"August",3.0,8.2919708029197080,5
"Mexico",2020,3,"July",5.0,8.2919708029197080,4
"Mexico",2020,3,"September",0,8.2919708029197080,6
"Mexico",2020,4,"December",0,8.2919708029197080,6
"Mexico",2020,4,"November",58.0,8.2919708029197080,1
"Mexico",2020,4,"October",6.0,8.2919708029197080,3
"Philippines",2005,1,"February",0,35.8920863309352518,6
"Philippines",2005,1,"January",0,35.8920863309352518,6
"Philippines",2005,1,"March",47.0,35.8920863309352518,1
"Philippines",2005,2,"April",0,35.8920863309352518,6
"Philippines",2005,2,"June",0,35.8920863309352518,6
"Philippines",2005,2,"May",25.0,35.8920863309352518,2
"Philippines",2005,3,"August",0,35.8920863309352518,6
"Philippines",2005,3,"July",0,35.8920863309352518,6
"Philippines",2005,3,"September",16.0,35.8920863309352518,4
"Philippines",2005,4,"December",4.0,35.8920863309352518,5
"Philippines",2005,4,"November",0,35.8920863309352518,6
"Philippines",2005,4,"October",24.0,35.8920863309352518,3
"Philippines",2006,1,"February",1215.0,71.6982248520710059,2
"Philippines",2006,1,"January",0,71.6982248520710059,9
"Philippines",2006,1,"March",1.0,71.6982248520710059,8
"Philippines",2006,2,"April",0,71.6982248520710059,9
"Philippines",2006,2,"June",0,71.6982248520710059,9
"Philippines",2006,2,"May",41.0,71.6982248520710059,5
"Philippines",2006,3,"August",46.0,71.6982248520710059,4
"Philippines",2006,3,"July",41.0,71.6982248520710059,5
"Philippines",2006,3,"September",0,71.6982248520710059,9
"Philippines",2006,4,"December",1464.0,71.6982248520710059,1
"Philippines",2006,4,"November",40.0,71.6982248520710059,7
"Philippines",2006,4,"October",233.0,71.6982248520710059,3
"Philippines",2007,1,"February",50.0,51.6624203821656051,2
"Philippines",2007,1,"January",9.0,51.6624203821656051,6
"Philippines",2007,1,"March",0,51.6624203821656051,9
"Philippines",2007,2,"April",0,51.6624203821656051,9
"Philippines",2007,2,"June",0,51.6624203821656051,9
"Philippines",2007,2,"May",0,51.6624203821656051,9
"Philippines",2007,3,"August",10.0,51.6624203821656051,5
"Philippines",2007,3,"July",16.0,51.6624203821656051,4
"Philippines",2007,3,"September",3.0,51.6624203821656051,8
"Philippines",2007,4,"December",29.0,51.6624203821656051,3
"Philippines",2007,4,"November",59.0,51.6624203821656051,1
"Philippines",2007,4,"October",8.0,51.6624203821656051,7
"Philippines",2008,1,"February",0,18.7142857142857143,10
"Philippines",2008,1,"January",0,18.7142857142857143,10
"Philippines",2008,1,"March",63.0,18.7142857142857143,6
"Philippines",2008,2,"April",1.0,18.7142857142857143,9
"Philippines",2008,2,"June",1467.0,18.7142857142857143,1
"Philippines",2008,2,"May",66.0,18.7142857142857143,5
"Philippines",2008,3,"August",40.0,18.7142857142857143,7
"Philippines",2008,3,"July",12.0,18.7142857142857143,8
"Philippines",2008,3,"September",68.0,18.7142857142857143,4
"Philippines",2008,4,"December",85.0,18.7142857142857143,2
"Philippines",2008,4,"November",71.0,18.7142857142857143,3
"Philippines",2008,4,"October",0,18.7142857142857143,10
"Philippines",2009,1,"February",0,29.4421768707482993,9
"Philippines",2009,1,"January",33.0,29.4421768707482993,6
"Philippines",2009,1,"March",0,29.4421768707482993,9
"Philippines",2009,2,"April",0,29.4421768707482993,9
"Philippines",2009,2,"June",0,29.4421768707482993,9
"Philippines",2009,2,"May",128.0,29.4421768707482993,3
"Philippines",2009,3,"August",62.0,29.4421768707482993,5
"Philippines",2009,3,"July",21.0,29.4421768707482993,7
"Philippines",2009,3,"September",530.0,29.4421768707482993,2
"Philippines",2009,4,"December",77.0,29.4421768707482993,4
"Philippines",2009,4,"November",4.0,29.4421768707482993,8
"Philippines",2009,4,"October",551.0,29.4421768707482993,1
"Philippines",2010,1,"February",0,24.7770270270270270,10
"Philippines",2010,1,"January",5.0,24.7770270270270270,9
"Philippines",2010,1,"March",12.0,24.7770270270270270,7
"Philippines",2010,2,"April",0,24.7770270270270270,10
"Philippines",2010,2,"June",42.0,24.7770270270270270,4
"Philippines",2010,2,"May",0,24.7770270270270270,10
"Philippines",2010,3,"August",71.0,24.7770270270270270,3
"Philippines",2010,3,"July",146.0,24.7770270270270270,2
"Philippines",2010,3,"September",6.0,24.7770270270270270,8
"Philippines",2010,4,"December",25.0,24.7770270270270270,6
"Philippines",2010,4,"November",753.0,24.7770270270270270,1
"Philippines",2010,4,"October",35.0,24.7770270270270270,5
"Philippines",2011,1,"February",35.0,26.3855421686746988,9
"Philippines",2011,1,"January",12.0,26.3855421686746988,11
"Philippines",2011,1,"March",18.0,26.3855421686746988,10
"Philippines",2011,2,"April",44.0,26.3855421686746988,6
"Philippines",2011,2,"June",72.0,26.3855421686746988,5
"Philippines",2011,2,"May",37.0,26.3855421686746988,8
"Philippines",2011,3,"August",87.0,26.3855421686746988,4
"Philippines",2011,3,"July",89.0,26.3855421686746988,3
"Philippines",2011,3,"September",103.0,26.3855421686746988,2
"Philippines",2011,4,"December",1501.0,26.3855421686746988,1
"Philippines",2011,4,"November",5.0,26.3855421686746988,12
"Philippines",2011,4,"October",39.0,26.3855421686746988,7
"Philippines",2012,1,"February",113.0,28.9517241379310345,3
"Philippines",2012,1,"January",79.0,28.9517241379310345,4
"Philippines",2012,1,"March",11.0,28.9517241379310345,9
"Philippines",2012,2,"April",0,28.9517241379310345,11
"Philippines",2012,2,"June",54.0,28.9517241379310345,5
"Philippines",2012,2,"May",18.0,28.9517241379310345,8
"Philippines",2012,3,"August",186.0,28.9517241379310345,2
"Philippines",2012,3,"July",30.0,28.9517241379310345,7
"Philippines",2012,3,"September",5.0,28.9517241379310345,10
"Philippines",2012,4,"December",1925.0,28.9517241379310345,1
"Philippines",2012,4,"November",0,28.9517241379310345,11
"Philippines",2012,4,"October",36.0,28.9517241379310345,6
"Philippines",2013,1,"February",6.0,59.1800000000000000,8
"Philippines",2013,1,"January",11.0,59.1800000000000000,6
"Philippines",2013,1,"March",0,59.1800000000000000,9
"Philippines",2013,2,"April",0,59.1800000000000000,9
"Philippines",2013,2,"June",7.0,59.1800000000000000,7
"Philippines",2013,2,"May",0,59.1800000000000000,9
"Philippines",2013,3,"August",197.0,59.1800000000000000,3
"Philippines",2013,3,"July",0,59.1800000000000000,9
"Philippines",2013,3,"September",38.0,59.1800000000000000,4
"Philippines",2013,4,"December",22.0,59.1800000000000000,5
"Philippines",2013,4,"November",7354.0,59.1800000000000000,1
"Philippines",2013,4,"October",274.0,59.1800000000000000,2
"Philippines",2014,1,"February",6.0,12.0579710144927536,6
"Philippines",2014,1,"January",81.0,12.0579710144927536,4
"Philippines",2014,1,"March",0,12.0579710144927536,7
"Philippines",2014,2,"April",0,12.0579710144927536,7
"Philippines",2014,2,"June",0,12.0579710144927536,7
"Philippines",2014,2,"May",0,12.0579710144927536,7
"Philippines",2014,3,"August",0,12.0579710144927536,7
"Philippines",2014,3,"July",113.0,12.0579710144927536,1
"Philippines",2014,3,"September",101.0,12.0579710144927536,2
"Philippines",2014,4,"December",90.0,12.0579710144927536,3
"Philippines",2014,4,"November",12.0,12.0579710144927536,5
"Philippines",2014,4,"October",0,12.0579710144927536,7
"Philippines",2015,1,"February",0,9.9607843137254902,7
"Philippines",2015,1,"January",2.0,9.9607843137254902,6
"Philippines",2015,1,"March",0,9.9607843137254902,7
"Philippines",2015,2,"April",0,9.9607843137254902,7
"Philippines",2015,2,"June",0,9.9607843137254902,7
"Philippines",2015,2,"May",74.0,9.9607843137254902,2
"Philippines",2015,3,"August",58.0,9.9607843137254902,3
"Philippines",2015,3,"July",101.0,9.9607843137254902,1
"Philippines",2015,3,"September",0,9.9607843137254902,7
"Philippines",2015,4,"December",46.0,9.9607843137254902,5
"Philippines",2015,4,"November",0,9.9607843137254902,7
"Philippines",2015,4,"October",53.0,9.9607843137254902,4
"Philippines",2016,1,"February",0,8.8750000000000000,7
"Philippines",2016,1,"January",0,8.8750000000000000,7
"Philippines",2016,1,"March",8.0,8.8750000000000000,3
"Philippines",2016,2,"April",0,8.8750000000000000,7
"Philippines",2016,2,"June",0,8.8750000000000000,7
"Philippines",2016,2,"May",0,8.8750000000000000,7
"Philippines",2016,3,"August",45.0,8.8750000000000000,1
"Philippines",2016,3,"July",2.0,8.8750000000000000,5
"Philippines",2016,3,"September",0,8.8750000000000000,7
"Philippines",2016,4,"December",24.0,8.8750000000000000,2
"Philippines",2016,4,"November",2.0,8.8750000000000000,5
"Philippines",2016,4,"October",8.0,8.8750000000000000,3
"Philippines",2017,1,"February",21.0,13.6802721088435374,4
"Philippines",2017,1,"January",9.0,13.6802721088435374,5
"Philippines",2017,1,"March",0,13.6802721088435374,9
"Philippines",2017,2,"April",35.0,13.6802721088435374,2
"Philippines",2017,2,"June",0,13.6802721088435374,9
"Philippines",2017,2,"May",0,13.6802721088435374,9
"Philippines",2017,3,"August",0,13.6802721088435374,9
"Philippines",2017,3,"July",3.0,13.6802721088435374,8
"Philippines",2017,3,"September",26.0,13.6802721088435374,3
"Philippines",2017,4,"December",222.0,13.6802721088435374,1
"Philippines",2017,4,"November",6.0,13.6802721088435374,7
"Philippines",2017,4,"October",9.0,13.6802721088435374,5
"Philippines",2018,1,"February",0,50.5735294117647059,7
"Philippines",2018,1,"January",14.0,50.5735294117647059,4
"Philippines",2018,1,"March",10.0,50.5735294117647059,6
"Philippines",2018,2,"April",0,50.5735294117647059,7
"Philippines",2018,2,"June",0,50.5735294117647059,7
"Philippines",2018,2,"May",0,50.5735294117647059,7
"Philippines",2018,3,"August",0,50.5735294117647059,7
"Philippines",2018,3,"July",16.0,50.5735294117647059,3
"Philippines",2018,3,"September",89.0,50.5735294117647059,2
"Philippines",2018,4,"December",384.0,50.5735294117647059,1
"Philippines",2018,4,"November",0,50.5735294117647059,7
"Philippines",2018,4,"October",12.0,50.5735294117647059,5
"Philippines",2019,1,"February",0,15.1842105263157895,8
"Philippines",2019,1,"January",0,15.1842105263157895,8
"Philippines",2019,1,"March",0,15.1842105263157895,8
"Philippines",2019,2,"April",358.0,15.1842105263157895,2
"Philippines",2019,2,"June",505.0,15.1842105263157895,1
"Philippines",2019,2,"May",0,15.1842105263157895,8
"Philippines",2019,3,"August",2.0,15.1842105263157895,7
"Philippines",2019,3,"July",13.0,15.1842105263157895,6
"Philippines",2019,3,"September",0,15.1842105263157895,8
"Philippines",2019,4,"December",81.0,15.1842105263157895,3
"Philippines",2019,4,"November",38.0,15.1842105263157895,5
"Philippines",2019,4,"October",40.0,15.1842105263157895,4
"Philippines",2020,1,"February",0,8.2919708029197080,8
"Philippines",2020,1,"January",1.0,8.2919708029197080,6
"Philippines",2020,1,"March",0,8.2919708029197080,8
"Philippines",2020,2,"April",0,8.2919708029197080,8
"Philippines",2020,2,"June",14.0,8.2919708029197080,4
"Philippines",2020,2,"May",5.0,8.2919708029197080,5
"Philippines",2020,3,"August",1.0,8.2919708029197080,6
"Philippines",2020,3,"July",0,8.2919708029197080,8
"Philippines",2020,3,"September",0,8.2919708029197080,8
"Philippines",2020,4,"December",19.0,8.2919708029197080,3
"Philippines",2020,4,"November",142.0,8.2919708029197080,1
"Philippines",2020,4,"October",34.0,8.2919708029197080,2
"Togo",2005,1,"February",0,35.8920863309352518,1
"Togo",2005,1,"January",0,35.8920863309352518,1
"Togo",2005,1,"March",0,35.8920863309352518,1
"Togo",2005,2,"April",0,35.8920863309352518,1
"Togo",2005,2,"June",0,35.8920863309352518,1
"Togo",2005,2,"May",0,35.8920863309352518,1
"Togo",2005,3,"August",0,35.8920863309352518,1
"Togo",2005,3,"July",0,35.8920863309352518,1
"Togo",2005,3,"September",0,35.8920863309352518,1
"Togo",2005,4,"December",0,35.8920863309352518,1
"Togo",2005,4,"November",0,35.8920863309352518,1
"Togo",2005,4,"October",0,35.8920863309352518,1
"Togo",2006,1,"February",0,71.6982248520710059,1
"Togo",2006,1,"January",0,71.6982248520710059,1
"Togo",2006,1,"March",0,71.6982248520710059,1
"Togo",2006,2,"April",0,71.6982248520710059,1
"Togo",2006,2,"June",0,71.6982248520710059,1
"Togo",2006,2,"May",0,71.6982248520710059,1
"Togo",2006,3,"August",0,71.6982248520710059,1
"Togo",2006,3,"July",0,71.6982248520710059,1
"Togo",2006,3,"September",0,71.6982248520710059,1
"Togo",2006,4,"December",0,71.6982248520710059,1
"Togo",2006,4,"November",0,71.6982248520710059,1
"Togo",2006,4,"October",0,71.6982248520710059,1
"Togo",2007,1,"February",0,51.6624203821656051,4
"Togo",2007,1,"January",0,51.6624203821656051,4
"Togo",2007,1,"March",0,51.6624203821656051,4
"Togo",2007,2,"April",0,51.6624203821656051,4
"Togo",2007,2,"June",0,51.6624203821656051,4
"Togo",2007,2,"May",0,51.6624203821656051,4
"Togo",2007,3,"August",0,51.6624203821656051,4
"Togo",2007,3,"July",0,51.6624203821656051,4
"Togo",2007,3,"September",41.0,51.6624203821656051,1
"Togo",2007,4,"December",16.0,51.6624203821656051,2
"Togo",2007,4,"November",14.0,51.6624203821656051,3
"Togo",2007,4,"October",0,51.6624203821656051,4
"Togo",2008,1,"February",0,18.7142857142857143,2
"Togo",2008,1,"January",0,18.7142857142857143,2
"Togo",2008,1,"March",0,18.7142857142857143,2
"Togo",2008,2,"April",0,18.7142857142857143,2
"Togo",2008,2,"June",0,18.7142857142857143,2
"Togo",2008,2,"May",0,18.7142857142857143,2
"Togo",2008,3,"August",6.0,18.7142857142857143,1
"Togo",2008,3,"July",0,18.7142857142857143,2
"Togo",2008,3,"September",0,18.7142857142857143,2
"Togo",2008,4,"December",0,18.7142857142857143,2
"Togo",2008,4,"November",0,18.7142857142857143,2
"Togo",2008,4,"October",0,18.7142857142857143,2
"Togo",2009,1,"February",0,29.4421768707482993,2
"Togo",2009,1,"January",0,29.4421768707482993,2
"Togo",2009,1,"March",19.0,29.4421768707482993,1
"Togo",2009,2,"April",0,29.4421768707482993,2
"Togo",2009,2,"June",0,29.4421768707482993,2
"Togo",2009,2,"May",0,29.4421768707482993,2
"Togo",2009,3,"August",0,29.4421768707482993,2
"Togo",2009,3,"July",0,29.4421768707482993,2
"Togo",2009,3,"September",0,29.4421768707482993,2
"Togo",2009,4,"December",0,29.4421768707482993,2
"Togo",2009,4,"November",0,29.4421768707482993,2
"Togo",2009,4,"October",0,29.4421768707482993,2
"Togo",2010,1,"February",0,24.7770270270270270,4
"Togo",2010,1,"January",0,24.7770270270270270,4
"Togo",2010,1,"March",60.0,24.7770270270270270,1
"Togo",2010,2,"April",0,24.7770270270270270,4
"Togo",2010,2,"June",0,24.7770270270270270,4
"Togo",2010,2,"May",0,24.7770270270270270,4
"Togo",2010,3,"August",0,24.7770270270270270,4
"Togo",2010,3,"July",14.0,24.7770270270270270,3
"Togo",2010,3,"September",0,24.7770270270270270,4
"Togo",2010,4,"December",0,24.7770270270270270,4
"Togo",2010,4,"November",0,24.7770270270270270,4
"Togo",2010,4,"October",22.0,24.7770270270270270,2
"Togo",2011,1,"February",0,26.3855421686746988,2
"Togo",2011,1,"January",0,26.3855421686746988,2
"Togo",2011,1,"March",0,26.3855421686746988,2
"Togo",2011,2,"April",0,26.3855421686746988,2
"Togo",2011,2,"June",0,26.3855421686746988,2
"Togo",2011,2,"May",36.0,26.3855421686746988,1
"Togo",2011,3,"August",0,26.3855421686746988,2
"Togo",2011,3,"July",0,26.3855421686746988,2
"Togo",2011,3,"September",0,26.3855421686746988,2
"Togo",2011,4,"December",0,26.3855421686746988,2
"Togo",2011,4,"November",0,26.3855421686746988,2
"Togo",2011,4,"October",0,26.3855421686746988,2
"Togo",2012,1,"February",0,28.9517241379310345,1
"Togo",2012,1,"January",0,28.9517241379310345,1
"Togo",2012,1,"March",0,28.9517241379310345,1
"Togo",2012,2,"April",0,28.9517241379310345,1
"Togo",2012,2,"June",0,28.9517241379310345,1
"Togo",2012,2,"May",0,28.9517241379310345,1
"Togo",2012,3,"August",0,28.9517241379310345,1
"Togo",2012,3,"July",0,28.9517241379310345,1
"Togo",2012,3,"September",0,28.9517241379310345,1
"Togo",2012,4,"December",0,28.9517241379310345,1
"Togo",2012,4,"November",0,28.9517241379310345,1
"Togo",2012,4,"October",0,28.9517241379310345,1
"Togo",2013,1,"February",0,59.1800000000000000,2
"Togo",2013,1,"January",0,59.1800000000000000,2
"Togo",2013,1,"March",0,59.1800000000000000,2
"Togo",2013,2,"April",0,59.1800000000000000,2
"Togo",2013,2,"June",0,59.1800000000000000,2
"Togo",2013,2,"May",0,59.1800000000000000,2
"Togo",2013,3,"August",0,59.1800000000000000,2
"Togo",2013,3,"July",0,59.1800000000000000,2
"Togo",2013,3,"September",0,59.1800000000000000,2
"Togo",2013,4,"December",0,59.1800000000000000,2
"Togo",2013,4,"November",0,59.1800000000000000,2
"Togo",2013,4,"October",7.0,59.1800000000000000,1
"Togo",2014,1,"February",18.0,12.0579710144927536,2
"Togo",2014,1,"January",0,12.0579710144927536,4
"Togo",2014,1,"March",0,12.0579710144927536,4
"Togo",2014,2,"April",47.0,12.0579710144927536,1
"Togo",2014,2,"June",0,12.0579710144927536,4
"Togo",2014,2,"May",0,12.0579710144927536,4
"Togo",2014,3,"August",11.0,12.0579710144927536,3
"Togo",2014,3,"July",0,12.0579710144927536,4
"Togo",2014,3,"September",0,12.0579710144927536,4
"Togo",2014,4,"December",0,12.0579710144927536,4
"Togo",2014,4,"November",0,12.0579710144927536,4
"Togo",2014,4,"October",0,12.0579710144927536,4
"Togo",2015,1,"February",0,9.9607843137254902,1
"Togo",2015,1,"January",0,9.9607843137254902,1
"Togo",2015,1,"March",0,9.9607843137254902,1
"Togo",2015,2,"April",0,9.9607843137254902,1
"Togo",2015,2,"June",0,9.9607843137254902,1
"Togo",2015,2,"May",0,9.9607843137254902,1
"Togo",2015,3,"August",0,9.9607843137254902,1
"Togo",2015,3,"July",0,9.9607843137254902,1
"Togo",2015,3,"September",0,9.9607843137254902,1
"Togo",2015,4,"December",0,9.9607843137254902,1
"Togo",2015,4,"November",0,9.9607843137254902,1
"Togo",2015,4,"October",0,9.9607843137254902,1
"Togo",2016,1,"February",0,8.8750000000000000,1
"Togo",2016,1,"January",0,8.8750000000000000,1
"Togo",2016,1,"March",0,8.8750000000000000,1
"Togo",2016,2,"April",0,8.8750000000000000,1
"Togo",2016,2,"June",0,8.8750000000000000,1
"Togo",2016,2,"May",0,8.8750000000000000,1
"Togo",2016,3,"August",0,8.8750000000000000,1
"Togo",2016,3,"July",0,8.8750000000000000,1
"Togo",2016,3,"September",0,8.8750000000000000,1
"Togo",2016,4,"December",0,8.8750000000000000,1
"Togo",2016,4,"November",0,8.8750000000000000,1
"Togo",2016,4,"October",0,8.8750000000000000,1
"Togo",2017,1,"February",0,13.6802721088435374,1
"Togo",2017,1,"January",0,13.6802721088435374,1
"Togo",2017,1,"March",0,13.6802721088435374,1
"Togo",2017,2,"April",0,13.6802721088435374,1
"Togo",2017,2,"June",0,13.6802721088435374,1
"Togo",2017,2,"May",0,13.6802721088435374,1
"Togo",2017,3,"August",0,13.6802721088435374,1
"Togo",2017,3,"July",0,13.6802721088435374,1
"Togo",2017,3,"September",0,13.6802721088435374,1
"Togo",2017,4,"December",0,13.6802721088435374,1
"Togo",2017,4,"November",0,13.6802721088435374,1
"Togo",2017,4,"October",0,13.6802721088435374,1
"Togo",2018,1,"February",0,50.5735294117647059,2
"Togo",2018,1,"January",0,50.5735294117647059,2
"Togo",2018,1,"March",0,50.5735294117647059,2
"Togo",2018,2,"April",0,50.5735294117647059,2
"Togo",2018,2,"June",0,50.5735294117647059,2
"Togo",2018,2,"May",0,50.5735294117647059,2
"Togo",2018,3,"August",0,50.5735294117647059,2
"Togo",2018,3,"July",11.0,50.5735294117647059,1
"Togo",2018,3,"September",0,50.5735294117647059,2
"Togo",2018,4,"December",0,50.5735294117647059,2
"Togo",2018,4,"November",0,50.5735294117647059,2
"Togo",2018,4,"October",0,50.5735294117647059,2
"Togo",2019,1,"February",0,15.1842105263157895,1
"Togo",2019,1,"January",0,15.1842105263157895,1
"Togo",2019,1,"March",0,15.1842105263157895,1
"Togo",2019,2,"April",0,15.1842105263157895,1
"Togo",2019,2,"June",0,15.1842105263157895,1
"Togo",2019,2,"May",0,15.1842105263157895,1
"Togo",2019,3,"August",0,15.1842105263157895,1
"Togo",2019,3,"July",0,15.1842105263157895,1
"Togo",2019,3,"September",0,15.1842105263157895,1
"Togo",2019,4,"December",0,15.1842105263157895,1
"Togo",2019,4,"November",0,15.1842105263157895,1
"Togo",2019,4,"October",0,15.1842105263157895,1
"Togo",2020,1,"February",0,8.2919708029197080,2
"Togo",2020,1,"January",0,8.2919708029197080,2
"Togo",2020,1,"March",0,8.2919708029197080,2
"Togo",2020,2,"April",0,8.2919708029197080,2
"Togo",2020,2,"June",0,8.2919708029197080,2
"Togo",2020,2,"May",0,8.2919708029197080,2
"Togo",2020,3,"August",0,8.2919708029197080,2
"Togo",2020,3,"July",0,8.2919708029197080,2
"Togo",2020,3,"September",0,8.2919708029197080,2
"Togo",2020,4,"December",0,8.2919708029197080,2
"Togo",2020,4,"November",0,8.2919708029197080,2
"Togo",2020,4,"October",11.0,8.2919708029197080,1
"United States",2005,1,"February",9.0,35.8920863309352518,7
"United States",2005,1,"January",68.0,35.8920863309352518,2
"United States",2005,1,"March",15.0,35.8920863309352518,6
"United States",2005,2,"April",2.0,35.8920863309352518,8
"United States",2005,2,"June",0,35.8920863309352518,9
"United States",2005,2,"May",0,35.8920863309352518,9
"United States",2005,3,"August",0,35.8920863309352518,9
"United States",2005,3,"July",38.0,35.8920863309352518,4
"United States",2005,3,"September",1857.0,35.8920863309352518,1
"United States",2005,4,"December",29.0,35.8920863309352518,5
"United States",2005,4,"November",0,35.8920863309352518,9
"United States",2005,4,"October",46.0,35.8920863309352518,3
"United States",2006,1,"February",0,71.6982248520710059,12
"United States",2006,1,"January",13.0,71.6982248520710059,7
"United States",2006,1,"March",17.0,71.6982248520710059,6
"United States",2006,2,"April",41.0,71.6982248520710059,2
"United States",2006,2,"June",2.0,71.6982248520710059,11
"United States",2006,2,"May",3.0,71.6982248520710059,10
"United States",2006,3,"August",237.0,71.6982248520710059,1
"United States",2006,3,"July",13.0,71.6982248520710059,7
"United States",2006,3,"September",20.0,71.6982248520710059,5
"United States",2006,4,"December",21.0,71.6982248520710059,4
"United States",2006,4,"November",24.0,71.6982248520710059,3
"United States",2006,4,"October",7.0,71.6982248520710059,9
"United States",2007,1,"February",40.0,51.6624203821656051,4
"United States",2007,1,"January",89.0,51.6624203821656051,1
"United States",2007,1,"March",30.0,51.6624203821656051,6
"United States",2007,2,"April",33.0,51.6624203821656051,5
"United States",2007,2,"June",14.0,51.6624203821656051,9
"United States",2007,2,"May",25.0,51.6624203821656051,7
"United States",2007,3,"August",62.0,51.6624203821656051,3
"United States",2007,3,"July",8.0,51.6624203821656051,10
"United States",2007,3,"September",0,51.6624203821656051,11
"United States",2007,4,"December",63.0,51.6624203821656051,2
"United States",2007,4,"November",0,51.6624203821656051,11
"United States",2007,4,"October",18.0,51.6624203821656051,8
"United States",2008,1,"February",72.0,18.7142857142857143,2
"United States",2008,1,"January",18.0,18.7142857142857143,7
"United States",2008,1,"March",2.0,18.7142857142857143,10
"United States",2008,2,"April",31.0,18.7142857142857143,4
"United States",2008,2,"June",24.0,18.7142857142857143,6
"United States",2008,2,"May",29.0,18.7142857142857143,5
"United States",2008,3,"August",41.0,18.7142857142857143,3
"United States",2008,3,"July",1.0,18.7142857142857143,11
"United States",2008,3,"September",150.0,18.7142857142857143,1
"United States",2008,4,"December",5.0,18.7142857142857143,9
"United States",2008,4,"November",0,18.7142857142857143,12
"United States",2008,4,"October",10.0,18.7142857142857143,8
"United States",2009,1,"February",66.0,29.4421768707482993,1
"United States",2009,1,"January",58.0,29.4421768707482993,2
"United States",2009,1,"March",20.0,29.4421768707482993,3
"United States",2009,2,"April",17.0,29.4421768707482993,6
"United States",2009,2,"June",1.0,29.4421768707482993,11
"United States",2009,2,"May",19.0,29.4421768707482993,4
"United States",2009,3,"August",3.0,29.4421768707482993,9
"United States",2009,3,"July",1.0,29.4421768707482993,11
"United States",2009,3,"September",9.0,29.4421768707482993,7
"United States",2009,4,"December",19.0,29.4421768707482993,4
"United States",2009,4,"November",6.0,29.4421768707482993,8
"United States",2009,4,"October",2.0,29.4421768707482993,10
"United States",2010,1,"February",3.0,24.7770270270270270,6
"United States",2010,1,"January",0,24.7770270270270270,7
"United States",2010,1,"March",11.0,24.7770270270270270,5
"United States",2010,2,"April",50.0,24.7770270270270270,3
"United States",2010,2,"June",53.0,24.7770270270270270,2
"United States",2010,2,"May",55.0,24.7770270270270270,1
"United States",2010,3,"August",0,24.7770270270270270,7
"United States",2010,3,"July",0,24.7770270270270270,7
"United States",2010,3,"September",17.0,24.7770270270270270,4
"United States",2010,4,"December",0,24.7770270270270270,7
"United States",2010,4,"November",0,24.7770270270270270,7
"United States",2010,4,"October",0,24.7770270270270270,7
"United States",2011,1,"February",39.0,26.3855421686746988,4
"United States",2011,1,"January",21.0,26.3855421686746988,7
"United States",2011,1,"March",14.0,26.3855421686746988,8
"United States",2011,2,"April",411.0,26.3855421686746988,1
"United States",2011,2,"June",10.0,26.3855421686746988,9
"United States",2011,2,"May",197.0,26.3855421686746988,2
"United States",2011,3,"August",9.0,26.3855421686746988,10
"United States",2011,3,"July",22.0,26.3855421686746988,6
"United States",2011,3,"September",75.0,26.3855421686746988,3
"United States",2011,4,"December",6.0,26.3855421686746988,11
"United States",2011,4,"November",0,26.3855421686746988,12
"United States",2011,4,"October",29.0,26.3855421686746988,5
"United States",2012,1,"February",14.0,28.9517241379310345,5
"United States",2012,1,"January",5.0,28.9517241379310345,8
"United States",2012,1,"March",41.0,28.9517241379310345,3
"United States",2012,2,"April",7.0,28.9517241379310345,7
"United States",2012,2,"June",12.0,28.9517241379310345,6
"United States",2012,2,"May",0,28.9517241379310345,11
"United States",2012,3,"August",2.0,28.9517241379310345,10
"United States",2012,3,"July",154.0,28.9517241379310345,1
"United States",2012,3,"September",5.0,28.9517241379310345,8
"United States",2012,4,"December",24.0,28.9517241379310345,4
"United States",2012,4,"November",0,28.9517241379310345,11
"United States",2012,4,"October",54.0,28.9517241379310345,2
"United States",2013,1,"February",17.0,59.1800000000000000,6
"United States",2013,1,"January",3.0,59.1800000000000000,9
"United States",2013,1,"March",2.0,59.1800000000000000,11
"United States",2013,2,"April",12.0,59.1800000000000000,7
"United States",2013,2,"June",33.0,59.1800000000000000,3
"United States",2013,2,"May",53.0,59.1800000000000000,1
"United States",2013,3,"August",3.0,59.1800000000000000,9
"United States",2013,3,"July",24.0,59.1800000000000000,5
"United States",2013,3,"September",10.0,59.1800000000000000,8
"United States",2013,4,"December",44.0,59.1800000000000000,2
"United States",2013,4,"November",29.0,59.1800000000000000,4
"United States",2013,4,"October",0,59.1800000000000000,12
"United States",2014,1,"February",34.0,12.0579710144927536,4
"United States",2014,1,"January",50.0,12.0579710144927536,2
"United States",2014,1,"March",55.0,12.0579710144927536,1
"United States",2014,2,"April",12.0,12.0579710144927536,6
"United States",2014,2,"June",2.0,12.0579710144927536,9
"United States",2014,2,"May",42.0,12.0579710144927536,3
"United States",2014,3,"August",4.0,12.0579710144927536,7
"United States",2014,3,"July",0,12.0579710144927536,11
"United States",2014,3,"September",0,12.0579710144927536,11
"United States",2014,4,"December",3.0,12.0579710144927536,8
"United States",2014,4,"November",13.0,12.0579710144927536,5
"United States",2014,4,"October",2.0,12.0579710144927536,9
"United States",2015,1,"February",62.0,9.9607843137254902,3
"United States",2015,1,"January",17.0,9.9607843137254902,7
"United States",2015,1,"March",25.0,9.9607843137254902,5
"United States",2015,2,"April",7.0,9.9607843137254902,9
"United States",2015,2,"June",0,9.9607843137254902,12
"United States",2015,2,"May",67.0,9.9607843137254902,2
"United States",2015,3,"August",9.0,9.9607843137254902,8
"United States",2015,3,"July",4.0,9.9607843137254902,11
"United States",2015,3,"September",26.0,9.9607843137254902,4
"United States",2015,4,"December",68.0,9.9607843137254902,1
"United States",2015,4,"November",6.0,9.9607843137254902,10
"United States",2015,4,"October",25.0,9.9607843137254902,5
"United States",2016,1,"February",10.0,8.8750000000000000,10
"United States",2016,1,"January",62.0,8.8750000000000000,2
"United States",2016,1,"March",13.0,8.8750000000000000,9
"United States",2016,2,"April",21.0,8.8750000000000000,5
"United States",2016,2,"June",40.0,8.8750000000000000,4
"United States",2016,2,"May",17.0,8.8750000000000000,6
"United States",2016,3,"August",15.0,8.8750000000000000,8
"United States",2016,3,"July",16.0,8.8750000000000000,7
"United States",2016,3,"September",5.0,8.8750000000000000,11
"United States",2016,4,"December",80.0,8.8750000000000000,1
"United States",2016,4,"November",0,8.8750000000000000,12
"United States",2016,4,"October",62.0,8.8750000000000000,2
"United States",2017,1,"February",5.0,13.6802721088435374,8
"United States",2017,1,"January",27.0,13.6802721088435374,4
"United States",2017,1,"March",18.0,13.6802721088435374,7
"United States",2017,2,"April",0,13.6802721088435374,10
"United States",2017,2,"June",0,13.6802721088435374,10
"United States",2017,2,"May",20.0,13.6802721088435374,6
"United States",2017,3,"August",88.0,13.6802721088435374,2
"United States",2017,3,"July",26.0,13.6802721088435374,5
"United States",2017,3,"September",101.0,13.6802721088435374,1
"United States",2017,4,"December",58.0,13.6802721088435374,3
"United States",2017,4,"November",1.0,13.6802721088435374,9
"United States",2017,4,"October",0,13.6802721088435374,10
"United States",2018,1,"February",0,50.5735294117647059,11
"United States",2018,1,"January",53.0,50.5735294117647059,4
"United States",2018,1,"March",9.0,50.5735294117647059,8
"United States",2018,2,"April",3.0,50.5735294117647059,9
"United States",2018,2,"June",0,50.5735294117647059,11
"United States",2018,2,"May",10.0,50.5735294117647059,7
"United States",2018,3,"August",14.0,50.5735294117647059,6
"United States",2018,3,"July",17.0,50.5735294117647059,5
"United States",2018,3,"September",55.0,50.5735294117647059,3
"United States",2018,4,"December",90.0,50.5735294117647059,1
"United States",2018,4,"November",2.0,50.5735294117647059,10
"United States",2018,4,"October",74.0,50.5735294117647059,2
"United States",2019,1,"February",2.0,15.1842105263157895,9
"United States",2019,1,"January",45.0,15.1842105263157895,2
"United States",2019,1,"March",35.0,15.1842105263157895,3
"United States",2019,2,"April",13.0,15.1842105263157895,6
"United States",2019,2,"June",24.0,15.1842105263157895,5
"United States",2019,2,"May",3.0,15.1842105263157895,8
"United States",2019,3,"August",0,15.1842105263157895,11
"United States",2019,3,"July",1.0,15.1842105263157895,10
"United States",2019,3,"September",82.0,15.1842105263157895,1
"United States",2019,4,"December",28.0,15.1842105263157895,4
"United States",2019,4,"November",0,15.1842105263157895,11
"United States",2019,4,"October",7.0,15.1842105263157895,7
"United States",2020,1,"February",0,8.2919708029197080,11
"United States",2020,1,"January",10.0,8.2919708029197080,7
"United States",2020,1,"March",25.0,8.2919708029197080,5
"United States",2020,2,"April",41.0,8.2919708029197080,4
"United States",2020,2,"June",1.0,8.2919708029197080,10
"United States",2020,2,"May",5.0,8.2919708029197080,9
"United States",2020,3,"August",53.0,8.2919708029197080,1
"United States",2020,3,"July",0,8.2919708029197080,11
"United States",2020,3,"September",8.0,8.2919708029197080,8
"United States",2020,4,"December",45.0,8.2919708029197080,2
"United States",2020,4,"November",23.0,8.2919708029197080,6
"United States",2020,4,"October",42.0,8.2919708029197080,3
